"x","y","mdegree","betweennesssT","betweennesss","closeness"
51.6455587465316,35.0585932377726,7,0.00208932031998874,310.859523809524,0.000189681335356601
180.316397827119,41.8288888409734,3,0.000100816614578082,15,0.0185185185185185
172.227606084198,12.8496141638607,3,0.000100816614578082,15,0.00390625
82.5026409234852,89.5345131400973,3,0.00214403333669389,319,0.000119574315437044
132.983986055478,74.4931124616414,9,0.0204333500444765,3040.17598636743,0.000198294665873488
45.3056286554784,55.118659324944,3,0.00214403333669389,319,0.000178443968593862
61.5509948227555,161.53331794776,5,0.000273325043967246,40.6666666666667,0.0138888888888889
139.661333430558,186.572018545121,5,0.0365359411230971,5436,0.000126214817619589
118.98442581296,186.382814543322,2,0,0,0.0001057753331923
177.431953372434,139.956849068403,2,0,0,0.037037037037037
186.238191602752,145.976963825524,3,0,0,0.04
172.57684590295,167.13117165491,6,0.000406429646272372,60.4706349206349,0.00826446280991736
68.3084072545171,161.53308050707,6,0.00010361707609414,15.4166666666667,0.0161290322580645
170.286376355216,195.793235767633,3,0,0,0.0048780487804878
8.90218508429825,45.1921073254198,2,0,0,0.000142571998859424
161.187757318839,95.8003635983914,5,0.00062105782636799,92.4040886961614,0.000155860349127182
146.440557809547,13.5113883763552,4,0.000394304981460945,58.6666666666667,0.008
137.002437468618,195.297479024157,5,0.0173819045378678,2586.16666666667,0.000121713729308666
104.236876219511,64.5321425516158,5,0.000466556888575238,69.4166666666668,0.000213492741246798
102.66843708232,61.3556640222669,6,0.00275557411861474,409.988095238094,0.000212720697723889
47.0110908616334,112.557475967333,3,0.0365359411230971,5436,0.000129718510831496
105.878452537581,67.7167249843478,4,0.000464876611665604,69.1666666666669,0.000213447171824973
49.2791983764619,68.2733977213502,6,0.000822775593417801,122.416666666667,0.00016826518593303
115.175075968727,88.8152500614524,11,0.0481755553315186,7167.8,0.000219058050383352
108.130518812686,169.896398577839,3,0.0042746244581107,636,0.000132100396301189
191.803597193211,91.7516278568655,4,1.79229537027702e-05,2.66666666666667,0.166666666666667
96.1784148123115,131.816909322515,5,1.05297353003775e-05,1.56666666666667,0.142857142857143
4.54008658416569,55.3857776336372,1,0,0,0.00013080444735121
106.841601710767,53.51407462731,5,0.00205257826489806,305.392857142857,0.000205592105263158
122.265699924901,191.584189701825,4,0.00142823537318952,212.500000000002,0.000109445113275692
82.5386056676507,185.251084342599,4,0.000204993782975434,30.5,0.0151515151515152
160.019358852878,118.93255491741,2,0.00639177336425043,951,0.000148170099273967
143.906180560589,50.0897392630577,5,0.00733272843364589,1091,0.000169721656483367
38.9023749157786,153.761387243867,2,0,0,0.05
34.9244158249348,22.2777294926345,3,0.000120979937493699,18,0.0114942528735632
33.4411263465881,188.856017030776,5,1.00816614578082e-05,1.5,0.0140845070422535
41.9239913579077,118.690601969138,4,0.0346526867627785,5155.8,0.000125093820365274
1.9809840247035,91.7295126244426,1,0,0,0.000125628140703518
193.210094654933,133.998867776245,5,6.04899687468495e-06,0.9,0.05
67.6080183591694,66.293144132942,2,0.00214403333669389,319,0.000115260488704472
172.628672141582,9.06565352343023,3,0.000584736364552878,87,0.0043859649122807
12.147489702329,138.807513611391,1,0,0,0.1
63.4132330771536,94.6757749188691,4,0.000771807193825543,114.833333333333,0.000129382843834907
153.28549076803,45.4105328768492,7,0.00201431595927008,299.699999999999,0.000161472630389149
23.1619820464402,7.45793702080846,4,0.00040326645831233,60,0.0142857142857143
64.8822103161365,36.1992149148136,9,0.0207948926623721,3093.96810477104,0.000198176773682124
0.37803971208632,112.365233106539,5,2.01633229156165e-05,3,0.142857142857143
108.402517903596,90.9536642022431,5,0.0109002923681822,1621.79999999999,0.000215889464594128
164.914631750435,83.7732233572751,7,0.00363269755702264,540.490906021614,0.000163212012404113
39.7811313159764,193.685239180923,6,0.000292368182276439,43.5,0.0169491525423729
114.360386412591,57.5806363485754,2,0,0,0.000199401794616152
97.8497550357133,37.498316867277,5,0.169209725762806,25175.8690476191,0.000216216216216216
129.310914780945,28.6454956512898,6,0.000471597719304141,70.1666666666667,0.00806451612903226
103.661352023482,109.565004520118,6,0.00627815792247692,934.095726495728,0.000189429816253078
113.772561401129,87.3800926376134,8,0.140852012411645,20956.6666666667,0.00022212350066637
195.382667193189,56.0563608072698,2,0,0,0.25
93.7541239429265,29.7557760495692,4,0.171055661973093,25450.5166666667,0.000214132762312634
122.293514432386,124.684069864452,3,0,0,0.000184877056757256
172.280608350411,187.445990229025,6,0.000218331220804193,32.4844106873518,0.00584795321637427
197.017071023583,21.5367793571204,2,0.000155929697214101,23.2,0.0238095238095238
134.158355928957,150.915414700285,3,0.0254057868736768,3780,0.000152183838076396
187.578526558354,15.4906937386841,4,0.000192447715383495,28.6333333333333,0.0232558139534884
154.536625137553,192.582756234333,5,0.0028363074234634,422.000000000001,0.000113288773082588
39.787223469466,156.176904309541,2,0,0,0.05
100.176940811798,132.034642342478,5,1.05297353003775e-05,1.56666666666667,0.142857142857143
32.431727880612,91.6759458836168,7,0.00921599502908103,1371.20182040182,0.000148676776687481
155.551309650764,157.359545258805,5,0.00022851765971032,34,0.00483091787439614
21.4869609568268,35.2984651457518,3,0.0147259468360386,2191,0.000156421085562334
126.779206935316,199.313088133931,5,0.00671102597708105,998.500000000004,0.000113340133741358
161.211697990075,130.057754926383,2,0.00214403333669389,319,0.000135482996883891
56.7084548529238,169.756284914911,2,0.000134422152770777,20,0.0111111111111111
128.140819817781,3.61195793375373,3,0,0,0.00581395348837209
9.68691566959023,148.854839615524,4,4.48073842569255e-06,0.666666666666667,0.166666666666667
158.11552866362,29.647498531267,1,0,0,0.00588235294117647
1.28032248467207,192.784102680162,5,0,0,0.0833333333333333
25.3005017060786,168.89959955588,5,3.36055381926942e-05,5,0.0769230769230769
148.828229121864,131.977756135166,5,8.40138454817354e-06,1.25,0.000128716694555284
5.60036622919142,15.9310854971409,3,0,0,0.000130924325739722
113.478973926976,60.5103661306202,3,0.00132825889706624,197.625000000001,0.000206398348813209
144.534026132897,190.706276148558,4,0.0153129235698043,2278.33333333333,0.00012169891687964
70.3470638487488,43.3566858991981,5,0.0420141048727897,6251.06859349801,0.000204498977505112
74.5911618229002,181.728955172002,3,0.000110898276035891,16.5,0.0172413793103448
189.632869604975,131.590855121613,6,6.65389656215344e-05,9.9,0.0555555555555556
7.46921701356769,198.13999729231,5,0,0,0.0833333333333333
65.3793424833566,159.478648053482,6,0.000284526890031477,42.3333333333333,0.0163934426229508
19.4746607448906,72.6053944323212,3,0,0,0.000140924464487035
51.6714297700673,36.6221860982478,7,0.00208932031998874,310.859523809524,0.000189681335356601
48.6616749316454,66.3160043302923,5,7.89730147528313e-05,11.75,0.000168236877523553
155.588625790551,158.606749214232,5,0.00022851765971032,34,0.00483091787439614
125.719835935161,135.266491863877,7,6.72110763853884e-05,10,0.000167982529816899
129.007025482133,91.8067369610071,7,0.000350057689507232,52.0833333333335,0.000208899101733863
13.8120081741363,54.0318765677512,3,0.00428134556574923,637,0.000136500136500137
157.006655447185,162.641460401937,3,0,0,0.004149377593361
135.007434291765,163.671357324347,3,0.0495681688342239,7375,0.000140964195094446
6.43968326039612,27.5002119131386,2,0,0,0.000136537411250683
189.165704231709,156.061620824039,1,0,0,0.00549450549450549
23.4565097372979,135.75951680541,3,0.00141591334251885,210.666666666667,0.000108719286801479
99.8306126799434,5.89555599726737,3,0.00106865611452767,159,0.000167644593461861
167.55828410387,110.63491939567,2,0.00214403333669389,319,0.000148389968838107
106.99632554315,179.002377064899,2,0,0,0.000126774847870183
83.031193446368,109.553570300341,1,0,0,0.000160901045856798
77.9351864010096,95.9418194368482,7,0.000227656426870057,33.8718614718615,0.00666666666666667
195.07383108139,179.64237742126,5,1.12018460642314e-06,0.166666666666667,0.000153680651605963
152.897760365158,42.4333679489791,2,6.72110763853883e-06,1,0.5
85.7795693911612,59.8224466200918,5,0.129045266659946,19200,0.000192196809532962
51.799045689404,44.5359301753342,1,0,0,0.0714285714285714
3.80630102008581,127.491251751781,4,0.000128485174356734,19.1166666666667,0.0238095238095238
175.202531646937,33.451499696821,6,0.00163098878695209,242.666666666667,0.00892857142857143
151.863267738372,20.3809957019985,4,0.00103804624018355,154.445709845709,0.000142328494164532
20.0860273092985,84.794735815376,4,0.080055113082636,11911,0.000150037509377344
42.7784068509936,87.5025540590286,6,0.000199392859943319,29.6666666666667,0.00699300699300699
127.859081840143,11.6334186401218,3,4.83919749974796e-05,7.2,0.0208333333333333
191.369413863868,9.60281989537179,4,0.000983813041480145,146.376623376623,0.000170183798502383
141.164193768054,94.8334737215191,3,1.34422152770777e-05,2,0.333333333333333
193.497739778832,50.8096946403384,7,0.021209460007616,3155.64950723315,0.000198137507430157
135.593844531104,76.2154818512499,3,0.000188191013879087,28,0.0163934426229508
48.7330058123916,17.71016609855,5,0.00209698558322412,312,0.000143947027493882
122.218081122264,164.974896144122,6,0.000822775593417801,122.416666666667,0.00016826518593303
45.5895600374788,67.4129692371935,4,0.000618341902745573,92,0.000163345311989546
48.9375289995223,76.3972074724734,2,0.00639177336425043,951,0.000179888469149128
61.5417347289622,18.2090503163636,5,0.00422375084336977,628.430769230771,0.000186880956830499
101.914451317862,104.684434831142,1,0,0,0.00010568590150074
151.286489004269,174.577726889402,3,0.0042746244581107,636,0.000108660219493643
57.4722195975482,171.91766416654,6,0.000524246395806029,78,0.0192307692307692
18.3310237247497,121.22958721593,2,0.000107537722216621,16,0.0125
47.8274359833449,11.2532353959978,6,2.3187821352959e-05,3.45,0.000136388434260775
91.670746030286,185.592379141599,6,0.00640185502570824,952.5,0.000137835975189524
19.1651694942266,98.7578033469617,9,0.0682808526845224,10159.1666666667,0.000213037920749893
117.932925000787,171.645720535889,3,7.8524940910262e-05,11.6833333333333,0.0227272727272727
115.091448370367,97.6300973445177,6,7.11795735309728e-05,10.5904528478058,0.00719424460431655
182.205780921504,21.4351091999561,3,6.72110763853883e-06,1,0.2
165.900589339435,173.457141825929,10,0.0702840788161889,10457.2166666667,0.00021308331557639
67.6590021234006,120.135947223753,5,8.40138454817354e-06,1.25,0.000128716694555284
120.942714670673,96.6108338907361,6,0.0446689134369345,6646.06428571429,0.00019040365575019
146.857617236674,131.041397387162,3,4.0326645831233e-05,6,0.0161290322580645
48.8143855705857,37.9345067311078,3,0,0,0.00581395348837209
42.6009012851864,185.107118170708,4,0.00309820658444512,460.966666666667,0.000163532297628782
129.396525211632,5.87382898665965,7,0.00400824455870326,596.366666666665,0.000161472630389149
32.3530987370759,51.4338975772262,6,0.00627815792247692,934.095726495728,0.000189429816253078
153.258215123788,52.2313775494695,2,0,0,0.000137722076848919
102.561369584873,110.931708896533,3,0,0,0.0116279069767442
120.429059769958,176.339418394491,4,0.000705716302046582,105.000000000001,0.000113263110205006
93.2293291669339,146.051959367469,2,0,0,0.000129315918789603
157.970033120364,194.965682877228,4,2.01633229156165e-05,3,0.0833333333333333
63.9842212200165,105.715433461592,3,0.000388384005684137,57.7857142857143,0.000209863588667366
12.6951775047928,184.446032438427,3,0,0,0.000134282261313281
107.107036327943,170.806930260733,5,0.165634776611186,24643.9702380953,0.000220361392684002
95.2884130179882,40.2734708972275,2,0,0,0.000135336310732169
52.3608846124262,102.412684680894,4,0.000220452330544074,32.8,0.0238095238095238
97.1582578495145,61.9926596991718,4,2.35238767348859e-05,3.5,0.25
141.921332338825,168.002096284181,3,0,0,0.000157232704402516
175.967898732051,27.5424100458622,1,0,0,0.00552486187845304
183.960571140051,66.2235779687762,2,0.000255402090264476,38,0.0119047619047619
122.91805697605,154.08369298093,6,0.0264683123320423,3938.08785032292,0.000170881749829118
139.138504350558,35.8243267051876,8,0.00015973832487594,23.7666666666667,0.0588235294117647
82.8819815069437,139.396363543347,8,0.0022842752358892,339.865890971775,0.000193573364305072
149.105357192457,95.1554178725928,5,3.0693058215994e-05,4.56666666666667,0.0454545454545455
184.681254345924,137.905121361837,4,0.0011761938367443,175,0.00714285714285714
60.363860335201,34.4825688749552,2,0,0,0.000105030984140321
190.685301274061,144.580374797806,5,0.0981769028334446,14607.250488074,0.000207986688851913
152.95119988732,9.90315922535956,6,0.00662757222390253,986.083333333338,0.000134084204880665
15.1956914458424,121.464987751096,3,0.000483919749974796,72,0.0208333333333333
78.0887809582055,37.7643114421517,6,0.00849211950129381,1263.5,0.000197589409207666
149.019838077947,134.087193850428,3,0.0042746244581107,636,0.000143802128271498
59.9792184308171,185.701406188309,3,6.72110763853883e-06,1,0.2
130.796984350309,80.4686653893441,5,1.1761938367443e-05,1.75,0.0175438596491228
104.986629076302,157.719355635345,3,5.60092303211569e-06,0.833333333333333,0.142857142857143
72.1758150495589,57.512736832723,3,0,0,0.000155617802676626
65.2278688270599,123.615720309317,4,0.00846859562455892,1260,0.000187336080929187
45.2006297186017,3.59117314219475,10,0.000726775772647334,108.133333333334,0.000209117524048515
196.56759025529,86.6967520676553,3,0.0784756527875794,11676,0.000144927536231884
170.557063026354,90.6734125688672,6,0.000276092112348139,41.0783649357179,0.00689655172413793
133.376348856837,63.8358658179641,3,2.01633229156165e-05,3,0.2
121.95139490068,95.118147553876,4,0.00809086937527306,1203.8,0.000120656370656371
46.956043690443,90.9819499123842,1,0,0,0.0053475935828877
174.494859576225,180.280089238659,5,0.13817925194072,20559,0.000206996481059822
73.1671885121614,119.857447734103,1,0,0,0.000116130530716525
38.6750746518373,121.117223706096,2,0.000470477534697718,70,0.0166666666666667
186.518701864406,193.341126386076,9,0.00729484813969136,1085.36398046398,0.000142429853297251
114.459051191807,103.726410027593,2,0,0,0.00016095284081764
31.2794686295092,110.485427547246,6,0,0,0.000166306336271412
28.0815328005701,2.95130684971809,3,0.172011067423911,25592.6666666667,0.000221975582685905
22.8792617097497,92.9912366438657,8,0.000652762827199292,97.1213172448466,0.00826446280991736
96.6072877403349,93.3834033086896,2,0,0,0.000112208258527828
130.760282371193,132.425833679736,7,4.0326645831233e-05,6,0.111111111111111
109.219800541177,78.8720276206732,7,0.0576202528899372,8573.0293262293,0.000155376009944065
171.044178586453,174.407609598711,3,0.113929495580872,16951,0.000181422351233672
45.7951940596104,138.122495403513,7,0.0219074503478173,3259.5,0.000150602409638554
4.78324331343174,189.756129030138,2,0,0,0.0181818181818182
34.7269476857036,87.9617912694812,7,6.72110763853884e-05,10,0.000167982529816899
115.145341912284,136.30198459141,5,0,0,0.0833333333333333
114.675608370453,160.091836703941,5,0.000744777748190171,110.811757264475,0.000155957579538366
197.333893412724,44.8186344932765,4,0.000197152490730472,29.3333333333333,0.0178571428571429
196.688716486096,32.2334023658186,4,0.00583512162804429,868.17857142857,0.000211640211640212
127.235569292679,134.216440096498,3,0.000188191013879087,28,0.0163934426229508
3.60733149573207,197.288255393505,3,0.00639177336425043,951,0.000177022481855196
162.189293745905,96.8777175527066,4,4.0326645831233e-05,6,0.0833333333333333
79.1257591918111,155.845557292923,4,0,0,0.0172413793103448
103.035684628412,49.2595293559134,1,0,0,1
51.5524287242442,16.6291036643088,3,0.00639177336425043,951,0.000142633005277421
90.8645921386778,6.49869381450117,6,2.3187821352959e-05,3.45,0.000136388434260775
27.1005295682698,160.192786110565,7,0.000352465359018439,52.4415584415584,0.00662251655629139
36.5758131723851,12.2102681547403,4,0.164973427620872,24545.5714285714,0.000217817468961011
50.62066167593,155.546995718032,4,0.000443593104143563,66,0.0192307692307692
12.6214214600623,46.9069735147059,4,0.114472310855011,17031.7627705628,0.000160205062479974
17.2340233810246,99.9285763595253,3,0,0,0.000140924464487035
189.496852969751,183.827026654035,4,4.07747196738022e-05,6.06666666666667,0.00680272108843537
98.4591660089791,47.2489724401385,3,0.000100816614578082,15,0.0181818181818182
48.5041605308652,192.20107817091,4,0.124636220049064,18544,0.000180864532465184
36.233625235036,78.706155018881,3,0.0298775638225179,4445.33333333333,0.000139625802848366
15.8008054364473,73.6599269323051,5,0.000633575182420832,94.2664835164835,0.000155738981467061
125.858658272773,32.3831839952618,4,0.00176429075511643,262.499999999998,0.000113314447592068
198.101149080321,8.3578631747514,4,7.72927378431966e-05,11.5,0.000162707452001302
53.4861436579376,57.0233658887446,2,0.000907349531202742,135,0.00555555555555556
53.5766188055277,91.2920441478491,2,0,0,0.0384615384615385
192.715313797817,66.773941880092,2,0.0228450448633935,3399,0.00014585764294049
158.257609978318,105.68410307169,2,0,0,0.000159159637116027
127.163584390655,198.467696690932,3,0.0105857445306987,1575,0.000142673705236125
150.978089030832,94.6771482471377,5,0,0,0.0833333333333333
160.176220396534,2.6898249052465,6,0.116411421805111,17320.2733932734,0.000187687687687688
197.671311022714,144.10735364072,4,0,0,0.0138888888888889
143.804707285017,145.712525211275,8,0.11273985952885,16774,0.000175469380593087
104.558760067448,2.06002877093852,6,0.00662757222390253,986.083333333338,0.000134084204880665
9.27864401601255,29.1809705086052,7,0.0488003089575829,7260.75396825397,0.00020772746157042
7.17853433452547,196.615723194554,3,0.00849548005511308,1264,0.000187406296851574
117.513864953071,126.902393531054,3,0,0,0.000170154840905224
33.1136394757777,193.23867415078,3,0.00125012602076822,186,0.00666666666666667
123.951202677563,138.058010581881,3,5.06323442103259e-05,7.53333333333333,0.000155860349127182
147.81579952687,133.891974948347,5,0.000685552979130961,102,0.00568181818181818
125.626504840329,75.5687100812793,2,0,0,0.000189035916824197
89.6940490230918,15.9301041159779,5,0.00209698558322412,312,0.000143947027493882
140.839534811676,91.9784682802856,7,0.000443276997750587,65.952968110321,0.00819672131147541
165.876721637323,156.62079541944,3,0.00322613166649864,480,0.000194061711624297
12.9577015060931,122.699849959463,7,0.00683402224686628,1016.8,0.000124269914253759
167.469448130578,1.80123196914792,3,0.000134422152770777,20,0.0131578947368421
28.7746127694845,55.0889336969703,7,0.000173068521692375,25.75,0.0204081632653061
196.999596664682,184.606626071036,5,0.0109002923681822,1621.79999999999,0.000215889464594128
104.738231794909,26.2801219243556,2,0.00214403333669389,319,0.000114797382619676
122.418637294322,165.262554772198,3,3.36055381926942e-06,0.5,0.2
168.871880415827,171.801897929981,4,1.79229537027702e-05,2.66666666666667,0.166666666666667
93.8451524358243,18.1932486593723,2,0.00639177336425043,951,0.000123777695259314
76.272815419361,82.2643157560378,3,0,0,0.0116279069767442
61.1352887004614,152.716259658337,3,0,0,0.0555555555555556
41.9355271849781,7.27259214036167,8,0.000743242486361752,110.583333333333,0.0185185185185185
108.658154448494,92.8824820555747,4,0.0127557661502616,1897.86666666667,0.000156494522691706
158.458370761946,121.612712275237,6,0.00613515805773087,912.819491619488,0.000148588410104012
132.704337965697,113.791003078222,2,0,0,0.0099009900990099
176.594042684883,63.4484595153481,5,0.000111059569585393,16.5239980607628,0.00578034682080925
187.69807596691,82.6922393869609,4,0,0,0.111111111111111
190.078710392118,52.8499935753644,4,5.71294149275801e-05,8.5,0.0119047619047619
143.483160994947,121.533515816554,3,0,0,0.000136184120931499
92.8101499099284,149.864306859672,4,0.0502470007057163,7476,0.000152462265589267
17.9987690877169,171.085845632479,1,0,0,0.027027027027027
73.9410785026848,160.652676410973,5,0.0468147550716358,6965.33333333334,0.000139801481895708
23.1671137735248,43.5322900302708,7,0.000496384349595359,73.8545454545454,0.00775193798449612
31.1432629823685,96.8489051796496,7,0.000173068521692375,25.75,0.0204081632653061
11.8382662534714,0.234199175611138,7,0.0111530292125451,1659.40345138852,0.000163185378590078
111.810432793573,134.248925093561,4,0.00299358134220521,445.400000000002,0.000108778418361797
171.21245036833,189.902678644285,3,0.00256970348713467,382.333333333332,0.000112422709387296
4.06407504342496,109.701919090003,6,0.0628883927272641,9356.84951192599,0.000208333333333333
15.9031187649816,4.28411760367453,2,0.00213059112141681,317,0.000146735143066764
42.0067425817251,57.0415455382317,6,0.0377653584630095,5618.91885891887,0.000193760899050572
80.4510618560016,67.320263478905,4,0.119519687755279,17782.7367426691,0.000201045436268597
22.7685028687119,103.255684813485,10,0.0226017407668784,3362.8,0.000216262975778547
135.830948268995,149.946916708723,3,0.115172900494001,17136,0.000165098233448902
177.134596183896,127.677448187023,1,0,0,0.000101750101750102
50.6074883975089,97.9321317747235,2,0,0,0.000161498708010336
187.510222988203,175.957873929292,4,0.000197152490730472,29.3333333333333,0.0178571428571429
40.2122453320771,9.12822037935257,4,0.00285311019255973,424.499999999999,0.000109445113275692
155.777027597651,100.829488271847,4,0.00214403333669389,319,0.000169606512890095
29.1953765321523,136.217160150409,2,0,0,0.00016095284081764
34.7354128956795,135.032730782405,3,0.000208354336794704,31,0.00719424460431655
171.687182364985,110.566162504256,4,0.000430150888866485,64,0.00564971751412429
76.4899351634085,33.5890867747366,7,0.0991696001099228,14754.9489523549,0.000204960032793605
165.702876122668,54.8867289442569,6,0.0377653584630095,5618.91885891887,0.000193760899050572
119.644205691293,118.225281033665,3,0,0,0.000125928724342022
62.633924279362,44.9494297616184,6,0.000524470432727313,78.0333333333333,0.00016134236850597
115.323786344379,93.6789871193469,6,0.00849884060893235,1264.5,0.000153846153846154
41.049485700205,77.4809086229652,7,0.0182500298520058,2715.33069153069,0.000198019801980198
24.2859785445035,150.589345535263,4,0.000183934312374679,27.3666666666667,0.024390243902439
71.492088958621,3.75957093201578,7,0.000496384349595359,73.8545454545454,0.00775193798449612
81.6106809768826,155.867559509352,2,0,0,0.111111111111111
117.672665510327,195.199958188459,6,0.00406621103465544,604.99120879121,0.000149365197908887
179.750943137333,72.1549846697599,4,0.102133951675236,15196,0.000163988192850115
86.794099630788,102.891423273832,1,0,0,0.000131752305665349
29.300582036376,20.437400881201,5,0.000998142655102058,148.50865493936,0.000170735871606625
92.43617313914,94.3488414864987,3,0.000241959874987398,36,0.00684931506849315
156.767326360568,23.9409688860178,5,0.17189400813254,25575.25,0.0002211900022119
158.994401060045,149.476547166705,4,0.000193791936911203,28.8333333333333,0.024390243902439
70.5588445998728,40.4667392838746,6,0.118803978895722,17676.2499999999,0.000175469380593087
53.3623942174017,53.7101783324033,2,0,0,0.000129416332341141
117.215295927599,118.561302963644,1,0,0,1
139.700575498864,181.775744399056,4,0.0106547479024543,1585.26666666666,0.000120598166907863
145.022353343666,45.4522312153131,3,0.00214739389051316,319.5,0.000140252454417952
155.843658512458,54.1337824426591,3,5.60092303211569e-06,0.833333333333333,0.000197044334975369
110.823131492361,108.133416855708,7,0.00032973930031271,49.0602617970265,0.00813008130081301
184.951651422307,32.5287701562047,4,4.48073842569255e-06,0.666666666666667,0.166666666666667
187.789113307372,176.292952522635,8,0.00649154141441672,965.843989343991,0.000142328494164532
183.037475775927,93.9646728336811,2,0,0,0.000161498708010336
14.6488568279892,63.4501112625003,6,0.00211437056086321,314.586623898033,0.000170765027322404
36.9435694999993,92.0234142802656,7,4.0326645831233e-05,6,0.111111111111111
121.974448906258,149.414994986728,5,0.0768827502772457,11439,0.000158252888115208
94.4667164236307,159.88466963172,7,6.72110763853884e-05,10,0.000167982529816899
151.982634374872,84.3981101177633,5,0.0126625667910072,1884,0.000117426021606388
190.363906277344,161.48299947381,3,0,0,0.000130924325739722
98.7354945391417,71.6253642458469,5,0.00639177336425043,951,0.000136593361562628
192.177101690322,29.8728516791016,8,0.0035855642244292,533.478173131698,0.000163265306122449
50.4748558625579,63.8773875311017,6,0.0256116270285661,3810.62592744521,0.0001886080724255
50.8489933330566,113.837105641142,5,3.36055381926942e-05,5,0.0769230769230769
194.46290936321,104.086208390072,3,0.0042746244581107,636,0.000119631534872592
45.8893411792815,126.922026323155,2,0.00585318860548216,870.866666666664,0.000152695067949305
166.139700822532,62.6025969162583,7,0.0488003089575829,7260.75396825397,0.00020772746157042
109.657816961408,39.6273511461914,3,0,0,0.0117647058823529
171.015291986987,171.029686881229,3,0,0,0.1
7.82665046863258,151.23002990149,4,2.01633229156165e-05,3,0.0833333333333333
25.0480735208839,97.924686409533,5,0.0109395846617341,1627.6461038961,0.000162839928350432
62.3023855034262,2.87776491604745,3,0,0,0.000109361329833771
64.1386272385716,148.427839297801,3,0.00214403333669389,319,0.000142836737608913
154.367929464206,78.1390109565109,10,0.0267352219645796,3977.79999999998,0.000219010074463425
4.65989070944488,189.069133065641,6,0.00526957242553573,784.033333333333,0.000124269914253759
129.687367519364,152.799981320277,6,0.000190319364631291,28.3166666666667,0.00719424460431655
126.308344723657,138.906512549147,3,0.000470477534697718,70,0.00480769230769231
148.468994861469,194.504590751603,7,0.0024474689279609,364.146664446662,0.000136518771331058
8.06711250916123,11.904929485172,4,0.00362267701717243,539,0.000129048909536714
5.47073665075004,20.0462294742465,5,1.97152490730472e-05,2.93333333333333,0.142857142857143
157.935314252973,85.4232370387763,1,0,0,0.00819672131147541
142.466419702396,70.5847233999521,4,4.0326645831233e-05,6,0.0833333333333333
23.835292737931,169.15666363202,4,0.000217315813646089,32.3333333333333,0.00694444444444444
156.782417325303,160.983743984252,3,0.0141551007606054,2106.06666666667,0.000116441546343735
65.7730233855546,75.0255338381976,7,0.00178904162138953,266.182557638441,0.000193535900909619
29.9265301786363,77.1397161763161,4,0.0403609234801895,6005.1,0.000172176308539945
128.675741888583,76.6760667786002,2,0,0,0.00411522633744856
19.5900836028159,8.9852025732398,7,6.72110763853884e-05,10,0.000167982529816899
92.1656158287078,134.440218796954,4,0.0208354336794704,3100,0.000139762403913347
11.5127922035754,186.720762075856,7,0.000821431371890087,122.216666666667,0.00917431192660551
153.19458595477,103.657193901017,3,0.000211714890613973,31.5,0.0204081632653061
160.307970643044,191.797410231084,4,0,0,0.0138888888888889
39.9369459599257,101.498277764767,3,0,0,0.0116279069767442
122.042654966936,88.0372419953346,5,0.00560798019513616,834.383333333333,0.000206270627062706
66.691910289228,82.7272104099393,6,0.000133525498214775,19.8665912518854,0.00584795321637427
124.79088222608,20.0642234645784,6,0.000199392859943319,29.6666666666667,0.00699300699300699
19.2537405993789,172.85352316685,4,0.000487760382911104,72.5714285714286,0.00854700854700855
196.6209535487,193.930116249248,5,3.92064612248098e-06,0.583333333333333,0.0153846153846154
16.1462389864028,93.552907416597,7,0.0100781713662187,1499.48072672285,0.000170852554245686
63.8053332455456,88.0760760046542,4,0.00404008398765935,601.103896103896,0.000146177459435755
97.0248496625572,125.587497791275,4,1.68027690963471e-05,2.5,0.000169606512890095
166.964737139642,136.795725487173,5,3.36055381926941e-05,5,0.000119645848289064
68.221104843542,137.871671468019,7,0.120170739048532,17879.6034093358,0.00019723865877712
28.6107573658228,166.08321131207,7,0.000227656426870057,33.8718614718615,0.00666666666666667
145.294057112187,125.353777967393,7,0.000173068521692375,25.75,0.0204081632653061
119.197292486206,28.150203358382,7,7.81888855283351e-05,11.6333333333333,0.0555555555555556
29.0805080439895,123.477922705933,3,0.00214403333669389,319,0.000109373291042327
58.3037256728858,29.1666270699352,5,0.040326645831233,6000,0.000134643866971859
34.1370651032776,45.2997614163905,7,6.72110763853884e-05,10,0.000167982529816899
197.704466991127,197.713071806356,2,0.0307961151997849,4582,0.000216966804078976
45.5705392174423,69.3755404092371,5,0.00209698558322412,312,0.000143947027493882
126.09569048509,139.399350294843,3,0.00309507006754713,460.5,0.000150398556173861
147.630686732009,142.043246049434,6,0.00010361707609414,15.4166666666667,0.0161290322580645
135.771924350411,22.016730112955,9,0.0220181039132799,3275.96359073735,0.000198255352894528
57.0184636861086,194.642302114516,5,0.00307174424127628,457.029466938292,0.000203500203500203
31.4561969600618,189.684934634715,6,0.0423822455357894,6305.84240204243,0.0001941370607649
93.7203328125179,147.987204696983,2,0,0,0.000196966712625566
195.4243961256,81.4897836185992,4,0.000322613166649864,48,0.0138888888888889
87.0501916855574,31.4257986377925,5,0.00838054911449407,1246.9,0.000163934426229508
171.536434814334,185.844436008483,3,0.001960014961868,291.62082610153,0.000178986933953821
129.171424917877,12.1558089740574,7,0.0586834912351599,8731.22324342326,0.000200521355524363
184.613627986982,166.358323348686,3,3.69660920119636e-05,5.5,0.0166666666666667
69.3074160255492,168.427033536136,6,6.65389656215344e-05,9.9,0.0555555555555556
157.577193807811,77.6110323145986,4,0.00614309238162449,914,0.000117343346632246
21.1320476606488,74.6371982153505,7,0.000328438126603264,48.8666666666666,0.00806451612903226
91.8578419368714,104.663213016465,3,0.00100144503814229,149,0.00013051422605064
78.489080676809,82.460029842332,3,1.00816614578082e-05,1.5,0.0147058823529412
56.7134096752852,42.9952343925834,3,0,0,0.125
194.758948078379,180.788695299998,7,0.000821431371890087,122.216666666667,0.00917431192660551
39.7678994573653,5.45953772962093,9,0.0275238194400468,4095.13147538737,0.000194439043359907
193.672261061147,135.806476837024,4,0.000394304981460945,58.6666666666667,0.008
131.073884945363,37.9932668060064,10,0.0238297991509001,3545.51666666668,0.000216262975778547
153.713062079623,183.805585140362,5,0.0411264576402191,6119,0.000130855796911803
52.7190876659006,104.732690984383,4,0,0,0.000119617224880383
133.199066156521,139.015560783446,4,0.00860649034960962,1280.51666666667,0.000201126307320998
116.072020865977,72.3237725440413,6,0.0175323394214057,2608.54912081384,0.000201531640467553
117.539045866579,166.108691506088,5,0.00152793180316116,227.333333333333,0.00925925925925926
110.453016683459,153.585586789995,5,0.00560268332221149,833.595238095237,0.000210128178188695
65.477038687095,163.142531225458,5,0.0042746244581107,636,0.000169635284139101
134.604549407959,75.1297062262893,8,0.000615203853166646,91.5331052933994,0.00699300699300699
197.836663853377,1.4885266777128,2,0,0,0.0034965034965035
81.0076384805143,25.1974023878574,4,0,0,0.111111111111111
114.076144201681,117.601235164329,6,0.00849548005511308,1264,0.000190621425848265
115.877778455615,39.0499935951084,7,0.00201431595927008,299.699999999999,0.000161472630389149
44.0204573329538,23.1841552536935,6,0.00869863286336723,1294.22609057609,0.000148654675189535
41.2658511195332,1.71764087863266,4,0.000658668548576805,98,0.0166666666666667
41.7835968080908,40.4800731688738,7,0.0200562225732951,2984.06507556771,0.000197511356903022
35.5230278801173,161.528786318377,4,0.000401026089099484,59.6666666666667,0.000117467402795724
30.9629237279296,46.7068862169981,7,0.0154439851687559,2297.83333333334,0.000169779286926995
74.8501291498542,138.526469608769,5,0.00307174424127628,457.029466938292,0.000203500203500203
147.851136093959,71.5058628469706,4,0.0268239405854085,3991,0.000178762960314623
32.4919202364981,119.234745251015,4,0.00330656092123984,491.966666666669,0.000116360251338143
108.392458083108,192.487247055396,5,0.00463196334755968,689.166666666667,0.000134589502018843
117.216432234272,109.62216691114,7,0.0115871895688409,1724,0.000179115171054988
76.9280687440187,193.840742344037,6,0.0051661598027159,768.647086247085,0.000191864927091328
187.459612777457,130.825352855027,7,0.000227656426870057,33.8718614718615,0.00666666666666667
176.774330856279,61.3712260965258,3,0.00141143260409315,210,0.00793650793650794
87.3437435366213,52.4394074920565,5,7.16918148110809e-06,1.06666666666667,0.000119645848289064
132.923914398998,196.044805180281,5,0.000998142655102058,148.50865493936,0.000170735871606625
132.977578509599,18.2609302457422,10,0.000726775772647334,108.133333333334,0.000209117524048515
161.072924686596,150.952774938196,3,0,0,0.000155448468832582
40.8929307479411,104.415936255828,4,0.000203873598369011,30.3333333333333,0.00819672131147541
13.7676180806011,42.1351526398212,5,0.0348306009826665,5182.27096720603,0.000188430374976446
157.107992097735,61.8516870774329,6,0.000196719828106108,29.2689596247673,0.000188146754468485
132.732124160975,173.792712297291,4,4.48073842569255e-06,0.666666666666667,0.166666666666667
95.2335001900792,135.385152045637,3,0.00214403333669389,319,0.000130872922392357
78.315156372264,194.158666906878,7,0.000411562610559266,61.2343430120604,0.000156079288278445
1.69974835589528,150.6953434553,4,9.40955069395436e-06,1.4,0.125
98.5212068073452,160.336429765448,7,0.00252565356104019,375.779365079365,0.00943396226415094
134.56622492522,23.8743741996586,4,0,0,0.111111111111111
56.1577171552926,33.1715393811464,5,0.000164667137144201,24.5,0.0178571428571429
148.54697259143,11.8999399710447,4,0.00171164207861456,254.666666666667,0.000129584035246858
119.084034860134,91.9264226686209,4,0,0,0.000196155355041193
137.751779612154,179.616092937067,6,0.019167254763585,2851.8,0.000129148908691722
76.089474093169,79.1745958384126,7,0.000595909114913047,88.6623376623377,0.00769230769230769
98.1127820443362,23.1860249768943,7,0.00111309147694775,165.611315397671,0.000156225589751601
74.3944083340466,37.62171799317,3,3.36055381926942e-05,5,0.111111111111111
142.949176579714,24.7910661157221,4,0.000128485174356734,19.1166666666667,0.0238095238095238
106.430140091106,40.5866813380271,1,0,0,0.0144927536231884
93.0095291696489,100.133028673008,3,0.000100816614578082,15,0.00390625
171.581912180409,181.125301402062,1,0,0,0.000115180833909237
166.715484159067,17.2220851760358,6,0.0203657316940207,3030.11539009488,0.0001886080724255
0.36195395514369,103.576443530619,1,0,0,0.000168833361472227
22.3924767691642,129.022109135985,3,0.127963168330141,19039,0.000186428038777032
62.2332308907062,27.7509341016412,4,6.72110763853883e-05,10,0.000125944584382872
153.529235254973,44.9786602053791,4,8.96147685138511e-06,1.33333333333333,0.0416666666666667
25.5923348478973,86.7084119934589,4,0,0,0.0147058823529412
135.426299599931,181.595506425947,4,3.36055381926942e-06,0.5,0.00492610837438424
26.5999346040189,39.3505533691496,3,0.0105857445306987,1575,0.000149276011344977
152.129562618211,11.96224601008,5,0.0042995885721967,639.714285714286,0.000155714730613516
184.067545412108,142.392290616408,4,0.000394304981460945,58.6666666666667,0.008
81.4356508199126,153.305978514254,5,0.00649819090186063,966.833333333333,0.000117453605825699
151.023865956813,138.571685738862,6,0.00291640062282266,433.916666666669,0.000213583938487826
127.347458060831,68.5878864489496,5,0.168889833044485,25128.2738095238,0.000219394471259324
154.200096894056,193.650353094563,6,0.115654579874764,17207.6666666667,0.000170212765957447
144.417614489794,196.35302843526,5,0.00312867560573981,465.499999999998,0.000173340266944011
65.8151342533529,34.1262246947736,6,0.101443917957679,15093.3333333333,0.000217108119843682
105.069471057504,65.7511090859771,2,0,0,0.000126774847870183
146.037031617016,50.7719571702182,3,5.60092303211569e-06,0.833333333333333,0.142857142857143
17.9920573718846,29.5162450987846,4,3.58459074055404e-06,0.533333333333333,0.125
82.9148854129016,27.5523690506816,2,0.0042746244581107,636,0.000141562853907135
139.407058013603,56.3975036144257,3,0.00849548005511308,1264,0.000155376009944065
42.1376194804907,131.830467516556,8,0.00402056658937391,598.199999999998,0.000161498708010336
56.0731862206012,103.981327963993,4,8.0653291662466e-05,12,0.0714285714285714
41.9649655465037,132.148709800094,1,0,0,0.00952380952380952
18.810941837728,82.5413187034428,2,0,0,0.0113636363636364
95.3383067622781,106.176008470356,4,0,0,0.0138888888888889
148.969799885526,50.3560081589967,4,0.0101466321649808,1509.66666666666,0.000120598166907863
127.405066322535,26.4035858679563,4,0,0,0.0416666666666667
185.966664925218,92.1916607301682,1,0,0,0.000111172873818788
33.1931476481259,191.555859381333,2,0.000752764055516349,112,0.00492610837438424
108.32466990687,112.384628457949,4,2.68844305541553e-05,4,0.166666666666667
34.4635683111846,86.1387509852648,5,0.028797705861926,4284.66666666667,0.000134264232008593
156.429442949593,1.38498512096703,4,5.71294149275801e-05,8.5,0.0119047619047619
78.4464339260012,160.381147032604,7,0.0167281322213923,2488.89515255986,0.000198098256735341
66.8452967889607,11.3581549841911,5,2.01633229156165e-05,3,0.142857142857143
167.522584088147,14.8527095094323,6,0.00165221117286651,245.824239354944,0.000163185378590078
189.54571611248,178.054323093966,4,0.000485039934581219,72.1666666666667,0.000202634245187437
174.356586439535,158.577564824373,3,0.000208354336794704,31,0.00666666666666667
120.042402204126,153.369803586975,7,0.000413236101309496,61.4833333333333,0.00813008130081301
75.2993097994477,78.8276612758636,5,0.00105185334543133,156.5,0.000178954903364352
194.905493641272,108.222849387676,2,0,0,0.25
150.984459416941,83.1076267175376,6,0.156381407620325,23267.2077327901,0.000211327134404057
63.9073555357754,126.902516232803,4,0.000212162964456542,31.5666666666667,0.0232558139534884
55.686524277553,185.603192029521,3,0.0513761467889908,7644,0.000146520146520147
169.296929240227,177.72974036634,3,7.8524940910262e-05,11.6833333333333,0.0227272727272727
116.387309506536,26.3707951176912,5,0.0028363074234634,422.000000000001,0.000113288773082588
121.289370581508,96.0877570323646,6,0.0502821863271506,7481.2350926851,0.000155351871990057
197.959949681535,196.850076830015,3,0,0,0.004149377593361
183.47061467357,123.886168468744,4,0.000430150888866485,64,0.00564971751412429
169.734445214272,79.9826509784907,4,0.023386990175981,3479.63333333333,0.000164068908941756
147.305467771366,25.1443042419851,2,0.0126625667910072,1884,0.000149253731343284
195.408443314955,14.400533400476,1,0,0,0.00012987012987013
84.294292004779,32.1777918376029,1,0,0,0.00909090909090909
189.92112451233,36.7251036223024,3,0,0,0.0555555555555556
87.2605386655778,22.1480016130954,5,0.00849548005511308,1264,0.000128766417718259
148.429745389149,77.1431531291455,5,0.0013935096503904,207.333333333335,0.000133994372236366
193.312146281824,128.965168213472,3,0,0,0.000130924325739722
25.2189269289374,141.771313734353,4,0.000473838088516988,70.5,0.02
119.767482066527,166.536994790658,3,7.39321840239271e-05,11,0.0384615384615385
139.141934039071,81.7516790237278,5,0.00112401942021863,167.237229437229,0.000142166619277794
27.5629936717451,59.0408363845199,7,0.103498336525859,15399,0.000169635284139101
103.017883328721,37.4529433902353,7,0.000350057689507232,52.0833333333335,0.000208899101733863
133.856825577095,66.0078276414424,1,0,0,0.00013080444735121
36.8111748714,27.7450222987682,4,0.0459118862788588,6831,0.00013575889220744
104.104185244069,21.1088549345732,4,0.0123000750523687,1830.06666666668,0.000112511251125113
6.87285689637065,150.27544349432,3,0.00214403333669389,319,0.000105163529288043
126.884816354141,141.970648989081,3,0.00106865611452767,159,0.000167644593461861
10.2336002979428,90.1616370305419,1,0,0,0.00014168319637291
129.836033238098,110.84186672233,1,0,0,0.333333333333333
80.0399200525135,122.712613362819,1,0,0,0.333333333333333
51.0021660942584,147.162939701229,5,0.000255402090264476,38,0.00775193798449612
162.902706069872,86.6447086911649,4,0.0329809521605406,4907.07096720603,0.000179179358537896
54.4702761806548,64.8139297962189,1,0,0,0.2
2.69713941961527,13.899567630142,6,0.00420405282790604,625.5,0.000143967751223726
101.513819722459,125.550956279039,3,0.0042746244581107,636,0.000170241743275451
175.843999814242,168.14943337813,2,0,0,0.000105030984140321
176.35859772563,36.898332554847,1,0,0,0.0104166666666667
6.85775857418776,109.027407085523,6,0.00187401998068397,278.826062826064,0.000136407038603192
105.218788562343,122.447040909901,7,0.000141402223146706,21.0385297708827,0.00689655172413793
73.8408723380417,187.420362280682,2,0,0,0.142857142857143
135.267724376172,199.424262298271,2,0.0422018348623853,6279,0.000180864532465184
175.201481441036,191.708633536473,2,0,0,0.000155448468832582
64.1422965563834,102.670295117423,5,0.000665389656215344,99,0.0147058823529412
154.895513597876,111.50438147597,2,0,0,0.0555555555555556
183.55724462308,22.1715294290334,1,0,0,0.142857142857143
120.148558309302,80.7908321730793,2,0,0,0.166666666666667
164.376324787736,102.835215907544,2,0,0,0.166666666666667
98.8310929387808,1.14074824377894,5,0.0287932251235004,4284,0.000157579577686732
15.8239340409636,95.2337640337646,2,0.000134422152770777,20,0.00980392156862745
130.759353283793,98.7566821277142,2,0.00104849279161206,156,0.00628930817610063
114.945410657674,113.023509969935,3,0.000211714890613973,31.5,0.0204081632653061
69.5750510320067,87.9605390131474,2,0.00214403333669389,319,0.000137532664007702
96.8061858788133,112.541829468682,4,0,0,0.015625
95.6793648190796,185.205065272748,2,0,0,0.111111111111111
135.772051522508,65.0548175908625,1,0,0,0.125
100.601515686139,53.8972544949502,7,0.0586834912351599,8731.22324342326,0.000200521355524363
141.967226564884,88.9894819818437,5,0.000524246395806029,78,0.0192307692307692
188.421989372,173.088524118066,2,0.171952817824377,25584,0.000221631205673759
11.7252956610173,181.647998280823,4,0.00330656092123984,491.966666666669,0.000116360251338143
176.726868236437,47.1967006567866,2,0,0,0.000179243592041585
10.746506601572,144.264603639022,3,2.55402090264476e-05,3.8,0.0212765957446809
167.57101751864,69.0025652758777,4,0.000197152490730472,29.3333333333333,0.0178571428571429
101.964430371299,77.0880655385554,1,0,0,1
134.631122928113,122.277667745948,1,0,0,0.0142857142857143
34.4252989627421,9.63469124399126,5,0.00822316317729162,1223.48333333333,0.000198846689202625
139.198125433177,157.620973372832,2,0,0,0.000189035916824197
85.3268382139504,146.202240465209,7,0.00477400275565413,710.3,0.000124285359184688
161.927709588781,87.2962779831141,1,0,0,0.0104166666666667
126.210308168083,92.9675697814673,1,0,0,0.000110741971207087
137.018686626107,171.722433157265,2,0.0042746244581107,636,0.000119132713843221
1.0508329141885,120.241972245276,6,0.00175420909365864,261,0.00884955752212389
69.0613102633506,189.213145477697,1,0,0,0.00010575296108291
1.69361415319145,111.544028064236,2,0.00213059112141681,317,0.000146735143066764
166.546446923167,80.768374633044,6,0.0197616062393037,2940.2305843148,0.00017921146953405
185.380177479237,166.717713931575,1,0,0,1
142.312393384054,24.2500499356538,1,0,0,0.000134246207544637
15.424484713003,3.66066261194646,1,0,0,0.000136612021857923
62.8045062534511,93.6282701324672,2,0,0,0.00411522633744856
71.531775360927,80.1499573979527,2,0,0,0.0909090909090909
71.0268984083086,169.336504861712,1,0,0,0.00571428571428571
135.178635362536,17.0705127995461,4,0.000125460675919392,18.6666666666667,0.00833333333333333
