"Source","Target"
1,2
1,3
1,50
1,51
1,52
1,53
1,73
1,74
1,414
1,415
1,466
1,467
2,3
2,50
2,51
2,52
2,53
2,73
2,74
2,414
2,415
2,466
2,467
3,50
3,51
3,52
3,53
3,73
3,74
3,414
3,415
3,466
3,467
4,5
4,6
4,184
4,185
4,426
5,6
5,184
5,185
5,426
6,184
6,185
6,426
7,8
7,9
7,10
7,11
7,12
7,13
7,232
7,233
7,545
7,546
7,547
7,548
8,9
8,10
8,11
8,12
8,13
8,232
8,233
8,545
8,546
8,547
8,548
9,10
9,11
9,12
9,13
9,232
9,233
9,545
9,546
9,547
9,548
10,11
10,12
10,13
10,232
10,233
10,545
10,546
10,547
10,548
11,12
11,13
11,232
11,233
11,545
11,546
11,547
11,548
12,13
12,91
12,233
12,435
12,437
12,438
12,545
12,546
12,547
12,548
13,232
13,233
13,545
13,546
13,547
13,548
14,15
14,16
14,17
14,18
14,144
14,145
14,146
14,334
14,335
14,336
14,337
14,338
14,569
15,16
15,17
15,18
15,144
15,145
15,146
15,334
15,335
15,336
15,569
16,17
16,18
16,144
16,145
16,146
16,569
17,18
17,144
17,145
17,146
17,334
17,335
17,336
17,337
17,338
17,569
18,144
18,145
18,146
18,282
18,569
19,20
19,21
19,22
19,23
19,414
19,490
19,491
19,492
20,21
20,22
20,23
20,401
20,414
20,490
20,491
20,492
21,22
21,23
21,490
21,491
21,492
22,23
22,401
22,402
22,414
22,490
22,491
22,492
23,401
23,414
23,490
23,491
23,492
24,25
24,26
24,27
24,121
25,26
25,27
25,132
26,27
26,132
27,132
28,29
31,32
31,479
31,480
32,409
32,410
32,479
32,480
33,34
35,36
35,37
35,38
35,88
35,89
35,90
35,91
35,92
35,93
36,37
36,38
36,88
36,89
36,90
36,91
36,92
36,93
37,38
37,88
37,89
37,90
37,91
37,92
37,93
38,88
38,89
38,90
38,91
38,92
38,93
39,40
41,42
41,43
41,156
41,157
41,158
41,159
42,43
42,156
42,157
42,158
42,159
43,156
43,157
43,158
43,159
44,45
44,46
44,47
44,48
44,96
44,97
44,98
44,360
44,471
44,472
44,473
45,46
45,47
45,48
45,75
45,76
45,77
45,78
45,96
45,97
45,98
45,356
45,357
45,358
45,359
45,360
45,361
45,471
45,472
45,473
46,47
46,48
46,96
46,97
46,98
46,358
46,359
46,360
46,361
46,471
46,472
46,473
47,48
47,75
47,76
47,77
47,96
47,97
47,98
47,356
47,358
47,359
47,360
47,361
47,471
47,472
47,473
48,96
48,97
48,98
48,360
48,471
48,472
48,473
49,559
49,560
49,561
50,51
50,52
50,53
50,73
50,74
50,466
50,467
51,52
51,53
51,73
51,74
51,414
51,466
51,467
52,53
52,73
52,74
52,414
52,466
52,467
53,73
53,74
53,414
53,415
53,466
53,467
54,55
54,231
54,332
54,333
55,230
55,231
55,332
55,333
56,57
56,58
56,59
56,293
57,58
57,59
57,293
58,59
58,293
59,293
60,61
60,62
60,63
60,64
60,65
60,562
60,563
61,62
61,63
61,64
61,65
61,562
61,563
62,63
62,64
62,65
62,562
62,563
63,64
63,65
63,562
63,563
64,65
64,562
64,563
65,562
65,563
66,67
66,137
66,138
66,139
66,530
66,531
66,532
67,137
67,138
67,139
67,530
67,531
67,532
68,69
68,70
69,70
69,379
69,484
69,485
69,486
69,487
71,72
71,79
71,80
72,79
73,74
73,467
74,467
75,76
75,77
75,78
75,96
75,97
75,323
75,324
75,325
75,326
75,327
76,77
76,78
76,323
76,324
76,325
76,326
76,327
76,356
76,358
76,359
76,360
76,361
77,78
77,327
77,356
77,357
77,358
77,359
77,360
77,361
78,199
78,323
78,324
78,325
78,326
78,327
78,356
78,358
78,359
78,360
78,361
79,80
80,152
81,82
81,83
81,84
81,529
82,83
82,84
83,84
84,528
84,529
85,86
87,294
87,295
87,296
87,400
87,538
88,89
88,90
88,91
88,92
88,93
89,90
89,91
89,92
89,93
90,91
90,92
90,93
91,92
91,93
91,437
91,546
91,547
92,93
94,95
94,470
95,426
96,97
96,98
96,324
96,327
96,471
96,472
96,473
96,522
97,98
97,323
97,324
97,327
97,471
97,472
97,521
97,522
98,227
98,471
98,472
98,473
98,522
99,100
99,101
99,102
99,103
100,101
100,102
100,103
101,102
101,103
101,500
101,501
101,504
102,103
102,500
104,105
104,106
104,107
104,108
104,227
104,228
104,399
104,400
105,106
105,107
105,108
105,227
105,228
105,399
105,400
106,107
106,108
106,227
106,228
106,399
106,400
107,108
107,227
107,228
107,399
107,400
108,227
108,228
108,399
108,400
109,110
109,111
109,206
109,207
109,208
109,209
109,210
110,111
110,206
110,207
110,208
110,209
110,210
111,206
111,207
111,208
111,209
111,210
113,114
115,116
115,117
115,118
115,119
115,200
115,201
115,202
115,203
115,204
115,205
116,117
116,118
116,119
116,172
116,199
116,200
116,201
116,202
116,203
116,204
116,205
117,118
117,119
117,202
117,203
117,204
117,205
118,119
118,201
118,202
118,203
118,204
118,205
119,200
119,201
119,202
119,203
119,204
119,205
120,189
120,190
120,412
121,303
121,304
121,305
121,306
121,307
122,123
122,124
122,125
122,126
122,127
122,455
122,456
122,457
123,124
123,125
123,126
123,127
123,455
123,456
123,457
124,125
124,126
124,127
124,455
124,456
124,457
125,126
125,127
125,455
125,456
125,457
126,127
126,455
126,456
126,457
127,455
127,456
127,457
128,129
128,130
128,348
128,468
128,469
128,470
129,130
129,347
129,348
129,468
129,469
129,470
130,194
130,348
130,468
130,469
130,470
131,132
131,258
131,259
131,260
131,261
131,262
131,497
131,498
131,499
132,143
132,258
132,259
132,260
132,261
132,262
132,497
132,498
132,499
133,134
133,135
133,136
133,240
133,381
133,382
134,135
134,136
134,240
134,381
134,382
134,570
135,136
135,240
135,381
135,382
135,570
135,571
136,240
136,381
136,382
137,138
137,139
137,530
137,531
137,532
137,533
137,534
138,139
138,530
138,531
138,532
139,530
139,531
139,532
140,141
140,142
140,195
140,196
140,197
140,198
140,388
140,574
141,142
141,195
141,196
141,197
141,198
141,388
141,574
142,195
142,196
142,197
142,198
143,258
143,259
143,260
143,261
143,262
143,275
143,276
143,277
143,278
143,279
143,428
143,430
143,431
143,432
144,145
144,146
144,334
144,335
144,336
144,337
144,338
144,569
145,146
145,335
145,336
145,338
145,569
146,569
147,148
147,149
147,339
147,340
147,341
147,403
147,404
147,405
147,406
147,407
148,149
148,339
148,404
148,405
148,406
148,407
149,339
149,340
149,341
149,403
149,404
149,405
149,406
149,407
150,151
150,474
150,475
150,476
150,477
150,478
150,495
150,496
150,523
150,524
150,525
151,474
151,475
151,476
151,477
151,478
151,495
151,496
151,523
151,524
151,525
153,154
153,155
153,267
153,268
153,269
153,270
153,271
154,155
154,267
154,268
154,269
154,270
154,271
155,267
155,268
155,269
155,270
155,271
156,157
156,158
156,159
156,315
156,316
157,158
157,159
157,315
158,159
158,315
159,315
160,161
160,162
160,329
161,162
162,329
162,331
163,253
163,254
163,255
164,165
164,166
164,167
165,166
165,167
165,280
166,167
168,169
169,450
169,451
169,454
170,171
170,383
170,481
170,483
171,383
171,481
171,482
171,483
172,173
172,440
172,441
173,440
173,441
174,175
174,352
174,353
174,354
174,355
175,352
175,353
175,354
175,355
176,177
176,178
176,179
176,180
176,213
176,214
177,178
177,179
177,180
177,213
177,214
178,179
178,180
178,213
178,214
179,180
179,213
179,214
180,213
180,214
181,256
182,183
184,185
185,426
186,187
186,188
186,267
186,268
186,269
186,270
186,271
186,449
187,188
187,267
187,268
187,269
187,270
187,271
187,449
188,267
188,268
188,269
188,270
188,271
188,448
188,449
189,190
189,412
189,413
190,412
190,413
191,192
191,193
191,194
191,290
191,291
191,292
191,549
191,550
191,551
192,193
192,194
192,290
192,292
192,549
192,550
192,551
193,194
193,290
193,292
193,549
193,550
193,551
194,292
194,549
194,550
194,551
195,196
195,197
195,198
195,388
195,574
196,197
196,198
196,388
196,390
196,393
196,574
197,198
198,574
199,200
199,201
199,202
199,203
199,204
199,205
200,201
200,202
200,203
200,204
200,205
201,202
201,203
201,204
201,205
202,203
202,204
202,205
203,204
203,205
204,205
206,207
206,208
206,209
206,210
207,208
207,209
207,210
208,209
208,210
209,210
211,212
211,378
211,379
211,380
211,541
211,542
211,543
211,544
212,378
212,379
212,380
212,541
212,542
212,543
212,544
213,214
214,536
214,537
215,216
217,218
217,219
217,220
217,362
217,363
217,364
217,365
217,366
217,367
217,368
218,219
218,220
218,363
218,365
218,366
218,367
218,368
219,220
219,362
219,363
219,364
219,365
219,366
219,367
219,368
220,362
220,363
220,364
220,365
220,366
220,367
220,368
221,222
221,223
221,224
221,225
221,226
221,272
221,273
221,342
221,343
221,394
221,395
221,396
221,397
222,223
222,224
222,225
222,226
222,272
222,273
222,342
222,343
222,394
222,395
222,396
222,397
223,224
223,225
223,226
223,272
223,273
223,342
223,343
223,394
223,395
223,396
223,397
224,225
224,226
224,272
224,273
224,342
224,343
224,394
224,395
224,396
224,397
225,226
225,272
225,273
225,342
225,343
225,394
225,395
225,396
225,397
226,272
226,273
226,342
226,394
226,395
226,396
226,397
227,228
227,399
227,400
228,399
228,400
229,230
229,231
229,332
229,333
230,231
230,332
230,333
231,332
231,333
232,233
232,545
232,546
232,548
233,545
233,546
233,547
233,548
234,235
234,236
234,237
234,238
234,239
235,236
235,237
235,238
235,239
236,237
236,238
236,239
237,238
237,239
238,239
241,242
241,243
241,244
242,243
242,244
243,244
245,246
247,248
247,249
248,249
250,251
250,252
250,424
250,425
251,252
251,425
252,425
253,254
253,255
254,255
254,334
254,335
254,336
254,337
254,338
256,257
258,259
258,260
258,261
258,262
258,430
258,431
259,260
259,261
259,262
259,428
259,430
259,431
259,432
260,261
260,262
261,262
261,430
261,431
262,431
263,264
263,265
263,266
264,265
264,266
265,266
267,268
267,269
267,270
267,271
268,269
268,270
268,271
269,270
269,271
270,271
272,273
272,290
272,291
272,342
272,343
272,394
272,395
272,396
272,397
273,290
273,291
273,292
273,394
273,395
273,396
273,397
274,284
274,285
274,286
274,374
274,375
274,376
274,377
274,412
274,413
275,276
275,277
275,278
275,279
275,428
275,429
275,430
275,431
275,432
275,440
275,441
276,277
276,278
276,279
276,428
276,429
276,430
276,431
276,432
276,440
276,441
277,278
277,279
277,428
277,429
277,430
277,431
277,432
277,440
277,441
278,279
278,428
278,429
278,430
278,431
278,432
278,440
278,441
279,428
279,429
279,430
279,431
279,432
279,440
279,441
280,568
281,282
281,283
281,515
281,516
281,517
281,518
281,519
282,283
282,515
282,516
282,517
282,518
282,519
282,569
283,515
283,516
283,517
283,518
283,519
284,285
284,286
284,374
284,375
284,376
284,377
284,412
284,413
285,286
285,374
285,375
285,376
285,377
285,412
285,413
286,374
286,375
286,376
286,377
286,412
286,413
287,288
287,289
288,289
290,291
290,292
290,394
290,395
290,397
290,433
290,434
290,551
291,292
291,394
291,395
291,396
291,397
291,433
291,434
291,551
292,433
292,551
293,417
294,295
294,296
294,399
294,400
294,538
295,296
295,538
295,539
295,540
296,399
296,400
296,538
297,298
297,299
297,442
297,443
297,444
297,445
297,446
297,447
298,299
298,442
298,443
298,444
298,445
298,446
298,447
299,443
299,444
299,445
299,446
299,447
300,301
300,302
300,520
300,521
300,522
301,302
301,325
301,520
301,521
301,522
302,520
302,521
302,522
303,304
303,305
303,306
303,307
304,305
304,306
304,307
305,306
305,307
306,307
308,309
308,310
308,311
308,312
308,313
308,314
308,505
308,506
308,507
308,508
309,310
309,311
309,312
309,313
309,314
309,505
309,506
309,507
309,508
310,311
310,312
310,313
310,314
310,505
310,506
310,507
310,508
311,312
311,313
311,314
311,505
311,506
311,507
311,508
312,313
312,314
312,505
312,506
312,507
312,508
313,314
313,505
313,506
313,507
313,508
314,505
314,506
314,507
314,508
315,316
315,317
316,317
318,319
318,320
318,321
319,320
319,321
320,321
322,552
322,553
322,554
322,555
323,324
323,325
323,326
323,327
323,521
323,522
324,325
324,326
324,327
324,520
324,521
324,522
325,326
325,327
325,521
325,522
326,327
326,521
326,522
327,521
327,522
329,330
329,331
330,331
332,333
334,335
334,336
334,337
334,338
335,336
335,337
335,338
336,337
336,338
337,338
339,340
339,341
339,403
339,404
339,405
339,406
339,407
340,341
340,403
340,404
340,405
340,406
340,407
341,403
341,404
341,405
341,406
341,407
342,343
344,345
344,346
344,556
344,557
344,558
345,346
345,556
345,557
345,558
346,556
346,557
346,558
347,348
347,349
347,350
347,351
347,550
348,349
348,350
348,550
349,350
349,351
349,550
350,351
350,570
350,571
351,570
351,571
352,353
352,354
352,355
353,354
353,355
354,355
356,357
356,358
356,359
356,360
356,361
357,358
357,359
357,360
357,361
358,359
358,360
358,361
359,360
359,361
360,361
360,471
360,472
362,363
362,364
362,368
363,364
363,368
365,366
365,367
365,368
366,367
366,368
367,368
369,370
369,371
369,372
370,371
370,372
371,372
374,375
374,376
374,377
375,376
375,377
376,377
376,413
378,379
378,380
378,486
378,541
378,542
378,543
378,544
379,380
379,486
379,541
379,543
379,544
380,486
380,541
380,542
380,543
380,544
381,382
381,433
381,434
381,549
381,570
382,433
382,434
382,549
382,570
382,571
383,481
383,482
383,483
384,385
384,386
384,387
385,386
385,387
386,387
388,389
388,390
388,391
388,392
388,393
388,416
388,574
389,390
389,391
389,392
389,393
389,416
389,574
390,391
390,392
390,393
390,416
390,574
391,392
391,393
391,416
391,574
392,393
392,416
392,574
393,416
393,574
394,395
394,396
394,397
394,433
394,434
395,396
395,397
395,433
395,434
396,397
396,433
396,434
397,433
397,434
398,567
398,572
398,573
399,400
401,402
403,404
403,405
403,406
403,407
404,405
404,406
404,407
405,406
405,407
406,407
408,409
408,410
408,411
408,479
408,480
409,410
409,411
409,479
409,480
410,411
410,479
410,480
411,479
411,480
412,413
414,415
414,466
415,466
416,574
418,419
418,420
418,421
418,422
418,423
418,494
419,420
419,421
419,422
419,423
419,494
420,421
420,422
420,423
420,494
421,422
421,423
421,494
422,423
422,494
423,494
424,425
424,448
424,449
425,449
428,429
428,430
428,431
428,432
428,440
428,441
429,430
429,431
429,432
429,440
429,441
430,431
430,432
430,440
430,441
431,432
431,440
431,441
432,440
432,441
433,434
433,549
433,551
434,549
434,550
434,551
435,436
435,437
435,438
435,439
436,437
436,438
436,439
437,438
437,439
438,439
440,441
442,443
442,444
442,445
442,446
442,447
443,444
443,445
443,446
443,447
444,445
444,446
444,447
445,446
445,447
446,447
448,449
450,451
450,452
450,453
450,454
451,452
451,453
451,454
452,453
452,454
453,454
455,456
455,457
456,457
458,459
458,460
458,461
458,462
459,460
459,461
459,462
460,461
460,462
461,462
463,464
463,465
464,465
464,528
464,529
465,528
465,529
466,467
468,469
468,470
469,470
471,472
471,473
472,473
474,475
474,476
474,477
474,478
474,495
474,496
474,513
474,523
474,524
474,525
475,476
475,477
475,478
475,523
475,524
475,525
476,477
476,478
476,495
476,496
476,523
476,524
476,525
477,478
477,495
477,496
477,523
477,524
477,525
478,495
478,496
478,523
478,524
478,525
479,480
481,482
481,483
482,483
484,485
484,486
484,487
485,486
485,487
486,487
488,489
490,491
490,492
491,492
493,527
495,496
497,498
497,499
498,499
500,501
500,502
500,503
500,504
501,502
501,503
501,504
502,503
502,504
503,504
505,506
505,507
505,508
506,507
506,508
507,508
507,528
510,575
512,513
512,514
512,523
512,524
512,525
513,514
513,523
513,524
513,525
514,524
515,516
515,517
515,518
515,519
516,517
516,518
516,519
517,518
517,519
518,519
520,521
520,522
521,522
523,524
523,525
524,525
528,529
530,531
530,532
531,532
533,534
533,535
534,535
536,537
538,539
538,540
539,540
541,542
541,543
541,544
542,543
542,544
543,544
545,546
545,547
545,548
546,547
546,548
547,548
549,550
549,551
550,551
552,553
552,554
552,555
553,554
553,555
554,555
556,557
556,558
557,558
559,560
559,561
560,561
562,563
564,565
564,566
564,567
564,568
565,566
565,567
565,568
566,567
566,568
567,568
570,571
572,573
