"r","obs","mmean","lo","hi"
0,Inf,NA,NA,NA
0.09765625,1.89101014858281,3.32956506452796e-14,0,1.01757460877947e-13
0.1953125,1.09453168732522,1.47545149881317e-14,0,4.50056096730178e-14
0.29296875,0.825683132584766,8.27489168860356e-15,0,3.66204238466502e-14
0.390625,0.707409889125423,5.64434637480581e-15,0,2.04708314082118e-14
0.48828125,0.66110091391544,3.06938144480126e-15,0,1.83956213499073e-14
0.5859375,0.633710781934924,4.19426677977801e-15,0,1.78443797375425e-14
0.68359375,0.610341105881558,6.44179941472528e-15,0,1.82600671435018e-14
0.78125,0.591803191974117,7.1231417190304e-15,0,1.78988792075758e-14
0.87890625,0.577765168855022,4.50103157075348e-15,0,1.6286503365583e-14
0.9765625,0.571299299190358,4.15250736070136e-15,0,1.11321163561455e-14
1.07421875,0.568820586665792,3.34473696907876e-15,0,9.71047061093879e-15
1.171875,0.574022545867778,2.92682537000437e-15,0,9.60474088539873e-15
1.26953125,0.583547495387016,2.46335955666558e-15,0,8.01901062271267e-15
1.3671875,0.589508107780811,1.44541005022603e-15,0,5.80276796545757e-15
1.46484375,0.588812173725728,1.82789279603561e-15,0,7.4971480194991e-15
1.5625,0.585876984506708,2.2710405128816e-15,0,6.25578626575674e-15
1.66015625,0.58432834346798,2.86794191363195e-15,0,7.38022083638446e-15
1.7578125,0.584641531839085,1.39191087054592e-15,0,4.5589937243137e-15
1.85546875,0.592004008615292,1.88227149210194e-15,0,5.38928347019934e-15
1.953125,0.604625076405688,1.30999777359092e-15,0,5.25194625611253e-15
2.05078125,0.61540537814201,1.22313762122689e-15,0,4.28571298164817e-15
2.1484375,0.624046071038172,7.72810622093364e-16,0,3.36900619868114e-15
2.24609375,0.631350820551044,1.5418081334202e-06,0,0.000152639005149733
2.34375,0.635172673728254,0.000110828262164994,0,0.00831913645388808
2.44140625,0.637215896419113,0.00177840530439455,5.96960082506224e-17,0.0259282405909858
2.5390625,0.635206989508538,0.0105371078833265,3.42493851812205e-16,0.049506912651684
2.63671875,0.635202661171535,0.0277627796477661,0.000168410338204453,0.0798036029227938
2.734375,0.634508571756938,0.0524190123446189,0.00563696711156475,0.116325562927732
2.83203125,0.636842789863493,0.0834989642248056,0.0211125486839651,0.157274741998195
2.9296875,0.640920077589074,0.119891083679822,0.0460215801718699,0.199256117399941
3.02734375,0.643130290730281,0.161235495143034,0.0785478063629426,0.240228175777361
3.125,0.642879489005221,0.206203056494295,0.115350280902627,0.287688936375732
3.22265625,0.644329181194592,0.253770046144992,0.157951526722982,0.333149676709212
3.3203125,0.649787398770861,0.30354449062909,0.204829657948709,0.39599336803106
3.41796875,0.655993176345044,0.354593012552245,0.255481367494766,0.461048842149469
3.515625,0.660742495083353,0.406762970285099,0.291897102883314,0.522751117956749
3.61328125,0.667904398931152,0.459566381855117,0.33087550474686,0.585878000634572
3.7109375,0.682719672438009,0.512088274104682,0.372749099529675,0.652751569547172
3.80859375,0.700856379781688,0.564282787459067,0.416115950429579,0.716190924917123
3.90625,0.71954330414255,0.61591640471017,0.458508616089028,0.776375348396688
4.00390625,0.743372802806727,0.666493262274086,0.500956660153278,0.834365796757936
4.1015625,0.771448311852676,0.715400387135133,0.547246569069754,0.891048246727362
4.19921875,0.801816637705432,0.762258144853465,0.598432622321652,0.941925421627831
4.296875,0.828947957286406,0.806895658152161,0.652813844797261,0.986915349966026
4.39453125,0.854810329557869,0.849010220090815,0.685573488455688,1.02495701567587
4.4921875,0.876493740385456,0.888556898170969,0.715240661498226,1.05775777340501
4.58984375,0.900098487410837,0.925448339399463,0.745637414880598,1.08739851939195
4.6875,0.926708761015855,0.959238717341402,0.771470732583697,1.12033373212695
4.78515625,0.950986805069153,0.989893842198688,0.798474199950451,1.15078215430998
4.8828125,0.970643724299906,1.01686056027451,0.826691312675367,1.17544815928482
4.98046875,0.992219583524819,1.0399543843718,0.85692118585768,1.19569248894137
5.078125,1.01163465421258,1.05904371191945,0.888081984139255,1.21005751513664
5.17578125,1.02815503958958,1.07409704471683,0.919095913087172,1.21996705953593
5.2734375,1.03935537914192,1.08500618261892,0.932439413126346,1.22825109442947
5.37109375,1.04773096873384,1.09165491274509,0.93827220684642,1.23295386551972
5.46875,1.05452237949218,1.09383628312269,0.942641662909611,1.23029912577578
5.56640625,1.05747624425895,1.09127908747438,0.931040843333736,1.23332254717831
5.6640625,1.06253036608643,1.08591535240923,0.918728100926988,1.24094845968553
5.76171875,1.07027748758499,1.080011005395,0.909734906368427,1.24521199611451
5.859375,1.07617163465712,1.07400762440367,0.902741003248478,1.2451775981738
5.95703125,1.07625687613182,1.06796108173655,0.889166650416494,1.23985575525953
6.0546875,1.07350658448107,1.06164212568915,0.879707686902995,1.22639715911311
6.15234375,1.07136786176166,1.05552843581389,0.86944397431631,1.21166317484414
6.25,1.06869656387426,1.04996909188375,0.861129079883858,1.19913439773472
6.34765625,1.06045897396719,1.04461801904156,0.852926767265388,1.18479693131591
6.4453125,1.0501964674923,1.03922918625516,0.844595738714148,1.16871667930636
6.54296875,1.04015751362266,1.03415775747015,0.834321057633418,1.16804496226484
6.640625,1.03021619236938,1.02961760532792,0.824232751790415,1.16969438142446
6.73828125,1.01855344242307,1.0250853581671,0.816322769292374,1.17362392020928
6.8359375,1.00888421328585,1.02077934804626,0.811759239341855,1.1807238547714
6.93359375,1.00163945043119,1.01693118802231,0.810013697424989,1.18773178150627
7.03125,0.994744966222622,1.01385903672977,0.808952761236759,1.18878617106985
7.12890625,0.986692372659373,1.0112813352839,0.810974492787177,1.18802002166825
7.2265625,0.97864521508109,1.00892898610148,0.814917511657383,1.18816447181054
7.32421875,0.970330793502459,1.00652445704414,0.818709626103287,1.18519863050174
7.421875,0.961981190800991,1.00403533295693,0.823528227124889,1.18055238584564
7.51953125,0.95584391658505,1.00171452862082,0.830339968825759,1.1762750451583
7.6171875,0.948780505298314,0.999712296178234,0.837082928665266,1.16860888750488
7.71484375,0.94103627658294,0.998301647963714,0.847022203080306,1.16549031301227
7.8125,0.935335087365712,0.997447291417807,0.862546702325143,1.1657589729538
7.91015625,0.93299421003197,0.997001877034515,0.861600767518732,1.16494890030225
8.0078125,0.929878635131874,0.997069529987372,0.854180573628128,1.16036160700947
8.10546875,0.924206185301985,0.997296865996232,0.847719490014807,1.15687795716882
8.203125,0.919846016110104,0.997650494843443,0.844581609476405,1.15441190406043
8.30078125,0.916961145538594,0.99820161009315,0.845112305017309,1.15079436751339
8.3984375,0.917206750999919,0.9988273655047,0.84670915486395,1.14798259520714
8.49609375,0.922082881427871,0.99952690906886,0.847351398301295,1.1455141836865
8.59375,0.927985018832818,1.00034138356462,0.848662253394082,1.14918003025627
8.69140625,0.935242880544936,1.00099966021478,0.85075609189191,1.15116409424002
8.7890625,0.94370634556956,1.00155801007069,0.854960766029938,1.15043367509656
8.88671875,0.956015325133961,1.0022451355988,0.863310551889603,1.14873435399983
8.984375,0.971533498663715,1.00288041557364,0.875343610973896,1.14610703840363
9.08203125,0.987338357199531,1.00337793463264,0.886203409838548,1.14326404417692
9.1796875,1.00105256804245,1.00382242313364,0.880984978746458,1.14021130747923
9.27734375,1.01322743819722,1.00419590188317,0.873718785982749,1.13706341885437
9.375,1.02208206588294,1.0042114687503,0.86729209190438,1.13083768289254
9.47265625,1.03070230991591,1.00395052386253,0.865133420897655,1.1203850593814
9.5703125,1.03492330069454,1.00369775401765,0.862893348769387,1.10802688671331
9.66796875,1.03737950126188,1.0033755950117,0.861351536878032,1.11900354791129
9.765625,1.03974298810312,1.00324656215244,0.864525040063331,1.1293383225081
9.86328125,1.03996946266207,1.00285735598326,0.869527890460694,1.14065375006501
9.9609375,1.03853689573107,1.00242206874594,0.874280596568025,1.14844910727834
10.05859375,1.03871415199801,1.00220672622442,0.87059614411154,1.15308009939018
10.15625,1.04137341990964,1.00213461835583,0.870963675744436,1.1545868281002
10.25390625,1.04201006969635,1.00211880623594,0.873568143132796,1.15405695818928
10.3515625,1.04307287461862,1.0019989240406,0.873345821147832,1.1520589834568
10.44921875,1.04518250007623,1.00164866658093,0.876953496085661,1.14979426184886
10.546875,1.04342524537043,1.00120865417513,0.881018989018005,1.15774610312229
10.64453125,1.04035530969003,1.00082570511191,0.885810095377093,1.1625221947786
10.7421875,1.03908131830436,1.00013808886567,0.888053707973396,1.16566624775794
10.83984375,1.03443377626552,0.999211457510697,0.888746438514374,1.16890770650916
10.9375,1.02792906395935,0.998143622008034,0.883771023994882,1.169462582187
11.03515625,1.02137231007917,0.997094109049808,0.878021080109711,1.16647725104774
11.1328125,1.01370647475255,0.996370738759458,0.870491713254565,1.16317510052707
11.23046875,1.00710069779336,0.995851332689738,0.864038666302535,1.16021991701463
11.328125,1.00007702381251,0.995656885927138,0.860791095972706,1.15602646817679
11.42578125,0.988624678808515,0.995751757073843,0.861216823294205,1.15093929464042
11.5234375,0.977049993395607,0.996139009841196,0.86183915251731,1.14506232772418
11.62109375,0.967907652461289,0.996613413159599,0.864565242186298,1.14506949155529
11.71875,0.962844794094507,0.996822099558799,0.870183498383199,1.14197449595063
11.81640625,0.962449592449745,0.996746708600867,0.876394062788438,1.13706056403047
11.9140625,0.964307906968927,0.99635936142983,0.880674395598047,1.13375317657689
12.01171875,0.967117158808895,0.996148296981689,0.887126633711179,1.13552338694878
12.109375,0.968959179951397,0.996098196376588,0.884644877534765,1.14273111355908
12.20703125,0.970751664806694,0.996082358839164,0.87765044675593,1.14729408265259
12.3046875,0.973044867453774,0.995978916184907,0.872089647321014,1.1485736340214
12.40234375,0.973556994421326,0.995914602013392,0.868272501055988,1.14474914523787
12.5,0.97246276031175,0.995665033833434,0.866973193509964,1.13614478588997
12.59765625,0.972650433842987,0.995169864523582,0.866799743084572,1.125518516632
12.6953125,0.97225682871204,0.994649238792443,0.867317921896902,1.11153890905558
12.79296875,0.971260547826961,0.994231494961087,0.864968636997594,1.09786921602554
12.890625,0.972546027051275,0.993868694561349,0.864548749646562,1.09414935059072
12.98828125,0.978071522260847,0.99363900109128,0.865469082975917,1.08996048935362
13.0859375,0.985610868857957,0.993780463415082,0.866417511173852,1.10260049417128
13.18359375,0.994610132025386,0.993913891447781,0.86256996038773,1.11362310754069
13.28125,1.00561036283726,0.993743213078366,0.860152909423032,1.1209633127837
13.37890625,1.01353357010637,0.993636898727322,0.858976985996428,1.12674296968846
13.4765625,1.01860748390282,0.993861661839493,0.858617399161272,1.13040815327703
13.57421875,1.02279474681314,0.994260113170976,0.859930091962965,1.13260064962866
13.671875,1.02380386294158,0.994742532642761,0.865759643837756,1.13288530043598
13.76953125,1.0226222444438,0.995344677123615,0.875176970951182,1.13117009390718
13.8671875,1.02165424843483,0.996028993081788,0.885545713630112,1.12733930380712
13.96484375,1.01856741772864,0.996504116992386,0.896839907583089,1.11975359967213
14.0625,1.01305419439707,0.996652718121044,0.904165196057273,1.1124238190015
14.16015625,1.00589334706347,0.996874704026679,0.908443573397036,1.10786833162939
14.2578125,0.997492403050241,0.997036025080864,0.915897655466643,1.11292024430057
14.35546875,0.987962054035327,0.997242963854753,0.91704859832615,1.12110356276976
14.453125,0.978106503774448,0.997572270799527,0.908087929840804,1.1288852139677
14.55078125,0.96950641281722,0.998008544217276,0.900375736894699,1.13419429295245
14.6484375,0.965109247458244,0.998665858936572,0.895164009639126,1.13747177554284
14.74609375,0.96481883876069,0.999271106397965,0.89179600086933,1.13905671532937
14.84375,0.9637660984048,0.999905017172235,0.890540811035363,1.13833562648103
14.94140625,0.961594944100702,1.0004062828238,0.891894424406789,1.13654822600814
15.0390625,0.960634384429981,1.00070335319374,0.892592919959995,1.13254847784943
15.13671875,0.96122648965545,1.00083536568846,0.892376221321579,1.12646744184613
15.234375,0.963072301807885,1.00083815478764,0.893195365405863,1.11840109315977
15.33203125,0.967013359963008,1.00084618967573,0.894465597418228,1.1247842917351
15.4296875,0.972129792596413,1.000693471818,0.897537629207842,1.13340115291448
15.52734375,0.976379607516594,1.00027292520461,0.905170922851307,1.1395670166015
15.625,0.980125848782063,0.999645250075358,0.907728690503329,1.14412601686817
15.72265625,0.984692572345862,0.998872903866519,0.909991688006186,1.14756119613103
15.8203125,0.992294569610684,0.998003516038106,0.914124533756926,1.14644192950001
15.91796875,0.999573980904083,0.997145010249168,0.908137643699411,1.14330003706114
16.015625,1.00716810176264,0.996480578482086,0.90202500298307,1.14046857670948
16.11328125,1.01552369138218,0.996132681473663,0.898066129122986,1.13658639813376
16.2109375,1.02287139102568,0.996054032171773,0.893812638515648,1.13128490187578
16.30859375,1.03013502359031,0.996244957949032,0.892292392767296,1.12537282785345
16.40625,1.03725492539692,0.996320702966039,0.889789720993931,1.11924994946052
16.50390625,1.04314928937806,0.996163513892525,0.887488113578246,1.11516897453361
16.6015625,1.04616875220954,0.996006311420426,0.884646602505301,1.11412099156204
16.69921875,1.050093792955,0.996155571010897,0.881648898005002,1.11127944210135
16.796875,1.05359213505991,0.996598718291897,0.882032311201241,1.10805314313686
16.89453125,1.0554159911272,0.996913569261771,0.883363065898928,1.10480108436712
16.9921875,1.05615953300484,0.997326327264202,0.884413234525505,1.10416812561819
17.08984375,1.05761117839349,0.997964393733415,0.885225685904621,1.10459039888912
17.1875,1.05727819845624,0.998535289070009,0.885345679750619,1.10289934932342
17.28515625,1.05575915294892,0.999112093659165,0.88611864854022,1.10573432853045
17.3828125,1.05081297001367,0.999815927400985,0.883552080905072,1.10734569638903
17.48046875,1.04599795998564,1.00058448356051,0.879978041850323,1.10838800373549
17.578125,1.04270935453156,1.00142966735839,0.876856082924461,1.11154294633965
17.67578125,1.03908102251435,1.00241155748353,0.872534098726352,1.1164267863802
17.7734375,1.03461620159231,1.0034751511332,0.869030875186955,1.12238274922959
17.87109375,1.03081520868315,1.0042893729849,0.868865991617695,1.12785816505037
17.96875,1.02853433339269,1.00502950742755,0.871070702011319,1.13195782329328
18.06640625,1.02877554241605,1.00581597103028,0.876873650333651,1.13725030263438
18.1640625,1.03152788137761,1.00667795925392,0.884330406823593,1.14180877276109
18.26171875,1.03465637669664,1.00723508585838,0.893780783743323,1.14295748777849
18.359375,1.03666552090887,1.00772453485997,0.90470757079128,1.14137358014663
18.45703125,1.03534373550189,1.00809800151473,0.902599075559633,1.1395655857026
18.5546875,1.03191842875938,1.00818071435302,0.894589803139449,1.13772133453935
18.65234375,1.02709284202458,1.00808188797998,0.890111546642194,1.13326403693046
18.75,1.01929381758997,1.00775727220252,0.888057017168291,1.1285909673433
18.84765625,1.01034777290502,1.00734121643841,0.88753906716766,1.12449614015639
18.9453125,1.00042655673482,1.00663825256153,0.888201963737335,1.11821172417358
19.04296875,0.991094865212447,1.0057774495319,0.89062605953267,1.11130865217049
19.140625,0.985379930545418,1.00484416127715,0.892890615078496,1.10318355503568
19.23828125,0.981306990084926,1.0039742282199,0.895059068863618,1.09380033069229
19.3359375,0.975830263887233,1.00320813422108,0.899996697159236,1.0921511488328
19.43359375,0.968173648920774,1.00231807803318,0.907026962998454,1.09219216095693
19.53125,0.961875943724379,1.00124876073729,0.906937931920978,1.09337213378583
19.62890625,0.956154413235026,1.00018387847356,0.906848545735574,1.09404749120825
19.7265625,0.95240302554852,0.999199122920584,0.903934625879038,1.09185704571755
19.82421875,0.948453337538081,0.998214335913468,0.900924641173302,1.08917986455477
19.921875,0.944224351281134,0.997619012407865,0.901151980135785,1.08670857163383
20.01953125,0.93915077517283,0.99709087954651,0.904168880153683,1.08206239899398
20.1171875,0.936010342761891,0.996600845749833,0.908602692807364,1.09148444848211
20.21484375,0.931358070334319,0.996380386687011,0.912679800833022,1.10269433973123
20.3125,0.926508965362486,0.9961056595526,0.91164567143175,1.11306836175603
20.41015625,0.924520959589589,0.995667734638013,0.904174783660314,1.12228139421532
20.5078125,0.923009811932452,0.995370925217565,0.894773196398766,1.12982150665525
20.60546875,0.923762071263046,0.995067364110199,0.886962992036906,1.1370696930153
20.703125,0.929022125887908,0.994914879040639,0.8818453726408,1.14402962857729
20.80078125,0.938125382011985,0.994962996681758,0.878910099828564,1.14879104979413
20.8984375,0.94905636326274,0.995247853183528,0.876280661367188,1.15180709850927
20.99609375,0.960201835212554,0.995581910638577,0.874261193261968,1.15482562295133
21.09375,0.970623130121624,0.995746617524134,0.872810591849313,1.15720533367792
21.19140625,0.979862045373999,0.995867679499559,0.872607675560947,1.16028892896683
21.2890625,0.988124509374551,0.996114857453328,0.874474156251829,1.16411485320476
21.38671875,0.995728480209183,0.996526298336105,0.879188537721002,1.16585179350346
21.484375,1.0026312633406,0.997151105780011,0.884487812291364,1.16565730189829
21.58203125,1.00964048473536,0.997796080572442,0.890952157972446,1.16277388897946
21.6796875,1.0167848811481,0.998384861811178,0.896515677683963,1.15920681550714
21.77734375,1.02269455719283,0.998953468132015,0.89989974731658,1.15487578588859
21.875,1.03157053612985,0.999417476029382,0.902487108786235,1.14904333591202
21.97265625,1.04230585775373,1.0000201313814,0.905046520864655,1.14321248027615
22.0703125,1.0522824427898,1.00062868714445,0.904954027483834,1.13782785825074
22.16796875,1.05925173156087,1.00109696546465,0.904096667970487,1.12955910794773
22.265625,1.06515385595877,1.00144779339776,0.902918212121575,1.12704494398962
22.36328125,1.06861461290046,1.00167522805311,0.90194706046072,1.13264949059314
22.4609375,1.06874667389501,1.00183241303943,0.902511594496783,1.13921315316266
22.55859375,1.06809126585007,1.00203562486451,0.903787514534881,1.14511339334825
22.65625,1.06603651983028,1.00216353822808,0.904897493895203,1.14711068409785
22.75390625,1.06138162013893,1.00209221027479,0.905624138936086,1.14514178942464
22.8515625,1.05567170390113,1.00206802721344,0.906266422124791,1.14336998288141
22.94921875,1.05086396183263,1.00184584926631,0.904933845523185,1.14030245424917
23.046875,1.04399381220324,1.00161514662398,0.901163289079425,1.13499496912887
23.14453125,1.03590982871205,1.00146915386878,0.898448400680265,1.12832632991989
23.2421875,1.0277902733061,1.00143149270239,0.895625811455777,1.12132157856273
23.33984375,1.01781710957561,1.00139344096018,0.894956751894285,1.11342870898916
23.4375,1.0088853915235,1.00138424613574,0.894544328110693,1.1070266921273
23.53515625,1.00323169110437,1.00128247062299,0.89529797838471,1.10378399205764
23.6328125,0.999698785022177,1.00107054311378,0.899207664224251,1.10072570783947
23.73046875,0.996020737208981,1.00070422208783,0.904581733237563,1.09724342730597
23.828125,0.991146160940903,1.00014545515431,0.911664580266976,1.09463557668162
23.92578125,0.983193742271786,0.999680092757807,0.914184214035084,1.09150717538431
24.0234375,0.975139808594782,0.999370556079527,0.918855727306783,1.08865564057375
24.12109375,0.96777004126568,0.999186874470121,0.917988351333775,1.08693088843337
24.21875,0.95988370034621,0.998974411798925,0.913605216590002,1.08522947500551
24.31640625,0.954102791375233,0.99872681878246,0.908661385734251,1.08330404809708
24.4140625,0.950781161434597,0.998584324191138,0.904872753087742,1.08263509370441
24.51171875,0.948438624963836,0.998423110785857,0.903707001177653,1.08050313077435
24.609375,0.948559775163634,0.998200770762596,0.902498708419681,1.08271548795066
24.70703125,0.95199532670585,0.998130876739152,0.902509902090861,1.08427642236848
24.8046875,0.956697826354735,0.998169871244428,0.904164869182494,1.08386095544612
24.90234375,0.961238537326161,0.998253623739505,0.904737985529608,1.08382330475203
25,0.966303814441395,0.998338878850942,0.908151649687602,1.08232313648261
25.09765625,0.974243933989741,0.998389487956315,0.912784460050467,1.08032651487214
25.1953125,0.983021522882079,0.998418044474992,0.904629398619265,1.07584528654704
25.29296875,0.990884465599283,0.998220411618683,0.900400283320136,1.07721863189733
25.390625,0.999063254727557,0.997721035225582,0.902002004547353,1.0780448507153
25.48828125,1.00741229560555,0.997067505558081,0.905842378356232,1.07662265827869
25.5859375,1.01613636061233,0.996509081717995,0.909960640798581,1.0793503402726
25.68359375,1.02420398983256,0.996069242545111,0.914363008581527,1.08123649258512
25.78125,1.03234963810646,0.995891686024729,0.912824492424519,1.08207279513047
25.87890625,1.03999593054734,0.995781503222731,0.91436987710633,1.07995534071117
25.9765625,1.0463833302433,0.995787350117643,0.916363299768829,1.08500496556355
26.07421875,1.05151008692429,0.995833528700137,0.914364082585426,1.08893082116936
26.171875,1.05482591098321,0.995913107114172,0.91242301524458,1.09065270320301
26.26953125,1.0562796073116,0.995906667722256,0.911925424083359,1.08956007968944
26.3671875,1.0577407843462,0.995981665433624,0.913257384244055,1.0861421871821
26.46484375,1.06045399732964,0.996040822546263,0.914631992827557,1.0811927251402
26.5625,1.06508078575649,0.996180348706763,0.916023453444092,1.07976236295828
26.66015625,1.06989706317223,0.996572557494688,0.917387251112134,1.08384723303285
26.7578125,1.07186053434273,0.996782445767092,0.920792925869555,1.08818423985328
26.85546875,1.07248684123653,0.99678245200066,0.925655149142144,1.09278921527576
26.953125,1.07075994383275,0.99657472168155,0.931439790983432,1.09574915637625
27.05078125,1.06785478962322,0.996352227667843,0.931100985763895,1.09730594852314
27.1484375,1.06595510005343,0.996233460579535,0.932316225108341,1.09849025932146
27.24609375,1.06422466485178,0.996170862530732,0.933238623015758,1.09970486742516
27.34375,1.06202531993742,0.996232628661865,0.932783620338296,1.10031905434402
27.44140625,1.06010641915612,0.996417894472532,0.928632260509158,1.09934594716921
27.5390625,1.05853189247061,0.996667216316229,0.924803561914072,1.09726749587228
27.63671875,1.05600698160658,0.996707541617211,0.91865540581974,1.09514767576188
27.734375,1.05171920979199,0.996851644116598,0.913751213535406,1.09383563676067
27.83203125,1.04770155748228,0.997013448078048,0.908792103345205,1.09010311163318
27.9296875,1.04478188954607,0.997219124649529,0.903854300313406,1.08655375241135
28.02734375,1.04334699999898,0.997500666663317,0.900120710522684,1.08243806817422
28.125,1.04216869362196,0.997854431348163,0.898489136628629,1.07679840563908
28.22265625,1.03963337620216,0.998351377080321,0.898716356769793,1.08290378489786
28.3203125,1.0367250168458,0.998711922593583,0.90022540768341,1.091583755445
28.41796875,1.03448355120705,0.998900974320211,0.902267199434613,1.09725143387788
28.515625,1.03231108037209,0.998946266245986,0.903903594616094,1.10109516726507
28.61328125,1.0304492359904,0.998875640810965,0.907605381862646,1.10480736099859
28.7109375,1.03031877125518,0.998733883206018,0.91201569618333,1.10886718221714
28.80859375,1.03047376711979,0.998710367481648,0.914254613264097,1.11184134864577
28.90625,1.02976344129767,0.998875404630856,0.914580865281769,1.11426560526737
29.00390625,1.02764486074866,0.999070947004162,0.915299949463092,1.11404360353401
29.1015625,1.02381791476773,0.999369897303796,0.916887619837115,1.11359060823998
29.19921875,1.01982228933348,0.99976898080872,0.916908362551528,1.11119883829363
29.296875,1.01676469315798,1.00018991168641,0.915329868828646,1.10698764250344
29.39453125,1.01424031416351,1.00064882996053,0.915419140029101,1.10205876123986
29.4921875,1.01282328620338,1.00130457946855,0.915030222442727,1.09532784384129
29.58984375,1.01059718313767,1.00198720287665,0.91427225195256,1.08896885688507
29.6875,1.00878139950785,1.00252624796806,0.915398920794321,1.08734483943294
29.78515625,1.00727247314229,1.00305361042196,0.917973934691616,1.08541425800249
29.8828125,1.00641685014454,1.00354595017944,0.917647122641794,1.08244044241589
29.98046875,1.00814609683384,1.00373975289319,0.917385804716918,1.08608817027959
30.078125,1.00989748154853,1.00373420723637,0.918462338080974,1.08830747456287
30.17578125,1.01188936672008,1.00369486739732,0.921752606597681,1.09091532032809
30.2734375,1.01343383926046,1.00364246757174,0.924828684843538,1.09239508578273
30.37109375,1.01509655122721,1.00356275680643,0.923545451399117,1.09272990665994
30.46875,1.01626452411814,1.00336383525326,0.915225621197121,1.09217396272517
30.56640625,1.01715917618651,1.00322588262629,0.908457740355445,1.09050329492872
30.6640625,1.01696764787096,1.00324136543431,0.903512195376383,1.08676293534867
30.76171875,1.01594904202846,1.00305615560506,0.900295493038253,1.08065430011477
30.859375,1.01445884445451,1.00268206500414,0.898624407404354,1.075221256461
30.95703125,1.01125116171018,1.00235113004395,0.896494343362786,1.07103478999515
31.0546875,1.00632446009005,1.0019935569086,0.894788039567279,1.06845305576015
31.15234375,1.00123424766706,1.00155485566709,0.89388456417433,1.06836460151999
31.25,0.998035345798535,1.00120076626332,0.892325957877221,1.06750948188034
31.34765625,0.995363928082066,1.00091096385007,0.890996422637581,1.06618661366586
31.4453125,0.991796129562474,1.00046326947158,0.888958684668223,1.06358100539731
31.54296875,0.988691357519187,0.999827861447467,0.887093060656532,1.05919610598146
31.640625,0.986140620569083,0.999107566078747,0.886024039549409,1.05501349613196
31.73828125,0.982528567652264,0.998349863908233,0.885653389211021,1.05594408739448
31.8359375,0.97794435154235,0.997565485725602,0.886914317705222,1.05769611579758
31.93359375,0.973946348715917,0.996911445665631,0.888524848592012,1.05988485133837
32.03125,0.970331903088438,0.996517147237808,0.889971467416971,1.06181910573956
32.12890625,0.966917075059204,0.996266646415486,0.891366774918938,1.06289782438977
32.2265625,0.961726118040162,0.996164218082796,0.893124625313492,1.06309234830156
32.32421875,0.957766136270574,0.996230335497628,0.896104940658279,1.06434659441314
32.421875,0.955549540481885,0.996406686920889,0.900839853821637,1.06447788709905
32.51953125,0.955738502530602,0.996673871570698,0.908127764897167,1.06438445328765
32.6171875,0.956076078709621,0.997094362519097,0.908511414117389,1.06609779528883
32.71484375,0.958481060844086,0.997607428326079,0.908401456860869,1.06931474798078
32.8125,0.962391516805403,0.998151972008614,0.911287578486514,1.07183597909597
32.91015625,0.966610625451949,0.998574528414157,0.91494723913966,1.07294543159557
33.0078125,0.970834958328538,0.998664093060401,0.916382093974641,1.07197461776359
33.10546875,0.975004869066194,0.998480326732437,0.912927402443895,1.07726481951336
33.203125,0.980511643883782,0.998274405650144,0.909022970546948,1.08042234480684
33.30078125,0.98630860712695,0.997976955106226,0.905346670932998,1.08248986317662
33.3984375,0.992162165937786,0.997689404004061,0.901999450833334,1.0849117694688
33.49609375,0.996162715539193,0.997396221661962,0.899761231101606,1.08888502978766
33.59375,0.999020832104467,0.997028838968817,0.897631899762694,1.09225201352045
33.69140625,1.00207455992825,0.996581919950409,0.897737445933897,1.09449979647721
33.7890625,1.00517853055682,0.996186591810978,0.899826081284141,1.09549074950814
33.88671875,1.00827875883574,0.995652772479799,0.89624143262527,1.09420342092
33.984375,1.01220212401037,0.994846081793037,0.891100777497316,1.0906443465316
34.08203125,1.01661271320935,0.993957385809054,0.888663802654854,1.08344926876876
34.1796875,1.02027670780923,0.993184313497564,0.888297083051164,1.07383972940507
34.27734375,1.02089933582977,0.992652160620427,0.889776614738569,1.06335823233622
34.375,1.02014553619833,0.992110511461706,0.892157022163268,1.06142877303765
34.47265625,1.01783359065882,0.991613288700323,0.893968793484141,1.06245148595708
34.5703125,1.01357901590631,0.991377299133409,0.895661176460673,1.06132877660567
34.66796875,1.00826111184046,0.991097144249199,0.898147582233456,1.05853968576709
34.765625,1.00514493317608,0.990663449425841,0.902740955492538,1.05619384377223
34.86328125,1.00263422032807,0.990015983181527,0.902232091327811,1.05755580386457
34.9609375,1.00016894666242,0.989580084822094,0.900785782499124,1.06108492288536
35.05859375,0.996490180284272,0.989297868701032,0.899605758262318,1.06535872688894
35.15625,0.994531671600374,0.989233135655316,0.901041632432929,1.07004564767904
35.25390625,0.992882092657363,0.989371837439541,0.903562639355527,1.07442354573876
35.3515625,0.992132032185918,0.989594087135333,0.906189000200661,1.07767576773183
35.44921875,0.99051711751308,0.990006184650201,0.910154626840789,1.0791126627693
35.546875,0.990549694999804,0.990413701792001,0.915435250991062,1.0797431131904
35.64453125,0.990391544788479,0.990817473866104,0.921294747262377,1.07983025680855
35.7421875,0.990617816566048,0.991345556821749,0.928591250294241,1.07901737894513
35.83984375,0.991348111245327,0.991937605677514,0.935101782680761,1.07769572910149
35.9375,0.992745171117805,0.99268461866378,0.930815510249994,1.07528217268462
36.03515625,0.994064427096601,0.99354288194365,0.928822832416925,1.07158604584884
36.1328125,0.994755912098473,0.99432898969034,0.922767314549229,1.0672755890389
36.23046875,0.995552431344354,0.994868929070219,0.916092072763903,1.06348914645981
36.328125,0.995817088393256,0.995457314639992,0.910316155545979,1.06708315670684
36.42578125,0.995533495450829,0.99617753912539,0.906698774118238,1.06749916495517
36.5234375,0.996078271161351,0.997087558336804,0.905874866580942,1.06629113441099
36.62109375,0.997166681472597,0.998102406109635,0.907992954543667,1.06449366732905
36.71875,0.998250532864683,0.99903684146623,0.910777995804609,1.06553560705048
36.81640625,0.999908694333991,0.999727645583172,0.913400564764892,1.07153410287175
36.9140625,1.00094600804175,1.00014561628556,0.918055189472114,1.07473161366143
37.01171875,1.00137292472055,1.00036232186105,0.925152293813551,1.07703292800356
37.109375,1.0006879853038,1.00026418020953,0.933099668986835,1.07973920907436
37.20703125,1.00137979502987,0.999960345400374,0.930256140986151,1.08188819946241
37.3046875,1.00116256943138,0.999550433006758,0.926699748636044,1.08527182417542
37.40234375,0.999808084933868,0.999136623309079,0.923597864200115,1.0888950917045
37.5,0.998622727786352,0.998790932309446,0.921477807924279,1.09220419617336
37.59765625,0.999937309855542,0.998604883470055,0.920037545109113,1.09332914166319
37.6953125,1.00203758990055,0.998599685312586,0.918964900652319,1.09328684899663
37.79296875,1.00370344540068,0.998625063759977,0.919070544124434,1.09167054448547
37.890625,1.00411433066568,0.998500179609226,0.919220887242424,1.08808572822728
37.98828125,1.00472200748429,0.998266107285719,0.921059665058805,1.08337723629074
38.0859375,1.00640021490124,0.998172290329825,0.919754234367139,1.08174408271543
38.18359375,1.00807439770443,0.998124780750415,0.918348662839463,1.08532248060563
38.28125,1.01126418479207,0.998124815493632,0.917317108905513,1.08746238323925
38.37890625,1.01422446490761,0.998263795652278,0.917406580578775,1.08912390619273
38.4765625,1.01665115800726,0.998500585468724,0.918055272881392,1.08962708838127
38.57421875,1.01882598523589,0.998747485848177,0.918222184662346,1.08895164901495
38.671875,1.0221990483441,0.998954614579351,0.918127391905673,1.08702586220268
38.76953125,1.02559213973144,0.998954958351944,0.918978601411917,1.08361119324666
38.8671875,1.02760973858773,0.998790000809181,0.921845576622757,1.08106858413305
38.96484375,1.02856883103637,0.99860151402532,0.922404400130891,1.07997873602298
39.0625,1.0303482969507,0.998457838055805,0.921816165211611,1.07725886289331
39.16015625,1.03265278894128,0.998377234198252,0.922449061010517,1.07290960025902
39.2578125,1.03407770508371,0.998358376609693,0.923690353166618,1.06955437592042
39.35546875,1.03579780653476,0.998446015473338,0.924377630503758,1.07296871985749
39.453125,1.03686422172851,0.998602303047939,0.927754667039106,1.08000315478703
39.55078125,1.03674861894756,0.998832258822966,0.929132867402659,1.0862566540902
39.6484375,1.03692442976982,0.999167968882283,0.929396245806598,1.08891805621879
39.74609375,1.0362138090992,0.99955503457021,0.929574563754591,1.08922634646353
39.84375,1.03552127443341,0.999913735370541,0.932230406266739,1.08695056741166
39.94140625,1.03538791218519,1.00017781699852,0.936069326175712,1.0824502491606
40.0390625,1.03603405752586,1.00035126963781,0.932990683834243,1.07863052424214
40.13671875,1.03640117522492,1.00048028226285,0.930784580076945,1.0765187011717
40.234375,1.03644944376502,1.00058926270498,0.9301158018436,1.07793134584163
40.33203125,1.03622690250344,1.00057462478231,0.931570665003726,1.07920201574466
40.4296875,1.03582303206508,1.00047104117866,0.934680219949737,1.07824499462778
40.52734375,1.03581508904833,1.00043789748463,0.932344108641816,1.07675794572321
40.625,1.03632235128082,1.00058630978406,0.928201497609464,1.07587303976952
40.72265625,1.03555666292717,1.00073291613033,0.923278991013857,1.07384026686148
40.8203125,1.03434692167162,1.00086737588769,0.918331022395711,1.0708463768282
40.91796875,1.03505939313224,1.00105995817454,0.913913546787849,1.07150930034029
41.015625,1.03630389608689,1.0013579506819,0.909411977292505,1.07231748265316
41.11328125,1.03901358676914,1.00151526198893,0.906022827436401,1.07245021023879
41.2109375,1.04179774229933,1.0015763026415,0.903371735476514,1.07212490795562
41.30859375,1.04346806199388,1.00165322831691,0.90045374423654,1.07171941609354
41.40625,1.04259125818201,1.00163935917407,0.897499547464278,1.07221896445086
41.50390625,1.04062981504433,1.00161307565014,0.896405285422148,1.07343349985575
41.6015625,1.03915623346395,1.0016640841587,0.896983974595593,1.0736143652601
41.69921875,1.03750962193197,1.00168186302182,0.897970081878394,1.07491626797584
41.796875,1.03542666159976,1.00166755538863,0.897758491628918,1.07618694009497
41.89453125,1.03276402922356,1.00152488356677,0.89507589869446,1.07583556091631
41.9921875,1.03046612146807,1.00129562279702,0.89332543483438,1.074235487023
42.08984375,1.02806380701316,1.00113531394022,0.893261930036748,1.07057935074256
42.1875,1.02646118795524,1.00098690402804,0.893239374640594,1.06528548938376
42.28515625,1.02453409175004,1.00073995278434,0.892722732213522,1.07135054001681
42.3828125,1.02160890840814,1.00043540599411,0.893012182925322,1.07578760116214
42.48046875,1.01912950234763,1.00012642103486,0.894343703257395,1.08001260851947
42.578125,1.016807028241,0.999904362285287,0.896640763064818,1.08422318011408
42.67578125,1.0141627230239,0.999641511067204,0.898513528566397,1.08697560536091
42.7734375,1.01224978914013,0.999238211450804,0.90000904028661,1.08854657422893
42.87109375,1.00957336993943,0.998693359435371,0.90254883514779,1.08832852371272
42.96875,1.00760788491367,0.998028196817821,0.903373647425961,1.0865708386691
43.06640625,1.00507866432729,0.997261548924114,0.902116971080229,1.08521884363658
43.1640625,1.00117088955444,0.996497987427604,0.900164095456774,1.08443233741025
43.26171875,0.996812121901093,0.995865722655501,0.897453365654957,1.08357271082389
43.359375,0.993926105198519,0.99527860684489,0.894508290698919,1.08073543382552
43.45703125,0.993563334830413,0.994758977902931,0.892243226884044,1.07708457890887
43.5546875,0.993652004780605,0.994373185348,0.890682528453503,1.07404541270023
43.65234375,0.994243772366144,0.993919368234249,0.890871239646557,1.07520650705698
43.75,0.995440136944181,0.993559380769499,0.891226544337993,1.078023418797
43.84765625,0.996737757526963,0.993277882067394,0.892653745160617,1.08258130127607
43.9453125,0.998202484325137,0.993061778523851,0.895055123432491,1.08724355316625
44.04296875,1.00130304992902,0.993148743121531,0.898944570284756,1.09159827004156
44.140625,1.0040456926123,0.993451312869643,0.905446493020994,1.09476349922736
44.23828125,1.00585672727325,0.993741182833895,0.913957770294284,1.0978643105473
44.3359375,1.00645875126551,0.993949541597545,0.922904284655959,1.09958696485954
44.43359375,1.00817108374413,0.994094818613214,0.926979082097224,1.09932065967201
44.53125,1.01096277249831,0.99418853288363,0.924545782439213,1.09794737490237
44.62890625,1.01423691540397,0.99428501445856,0.92278289347217,1.09468907019613
44.7265625,1.0165005594963,0.994489758616948,0.922177442883322,1.09107710948104
44.82421875,1.01849865816365,0.994926735128497,0.91923614298845,1.0885708697683
44.921875,1.0188335054909,0.995536723517052,0.918051061727436,1.08508121292389
45.01953125,1.0192340593916,0.99609511777064,0.920070513950941,1.07967382271401
45.1171875,1.0189378755977,0.996594355704868,0.923789466294587,1.07285109176695
45.21484375,1.01785031444418,0.997294445843302,0.926602162168759,1.07334931586682
45.3125,1.01798226167436,0.998027577784081,0.928580217077511,1.07843357983086
45.41015625,1.01788369746112,0.998677076808363,0.926626696423528,1.0811489404186
45.5078125,1.01623023797178,0.99917050435474,0.921962237270055,1.08341933719346
45.60546875,1.01500472344618,0.999657454311486,0.917332192102949,1.0856951810515
45.703125,1.01333861268408,1.00011370880527,0.913728209422379,1.08638816197125
45.80078125,1.01183865795093,1.00051166413209,0.91147266570198,1.0861188320639
45.8984375,1.01144241944197,1.0008198056516,0.910151820186317,1.08405175909953
45.99609375,1.01007670072055,1.00107780639749,0.910597293440919,1.08083845468582
46.09375,1.00860724572138,1.00124875906431,0.912667606447387,1.07653199154132
46.19140625,1.0072461211767,1.00129348604494,0.91602774891019,1.07063155468358
46.2890625,1.00657120813096,1.00113090188776,0.919921007841534,1.06495296752121
46.38671875,1.00567124810183,1.00092301452505,0.924555945895407,1.06597981516759
46.484375,1.00589465638045,1.00068323548127,0.923358169367547,1.07081187824941
46.58203125,1.00650897988634,1.00047719342783,0.918075298125039,1.074045366735
46.6796875,1.00632368102688,1.00037708731779,0.915672846967966,1.07555196091529
46.77734375,1.00508348113625,1.00030684038713,0.915414731879497,1.07529855111498
46.875,1.00485411815854,1.00004553926202,0.915095078233305,1.07396990218267
46.97265625,1.00528586101274,0.999650203618096,0.913560216159689,1.0713027379558
47.0703125,1.00522259544278,0.999384424344879,0.91259186863772,1.0666124243932
47.16796875,1.00436090277212,0.999402827553856,0.911577629751193,1.06245923637483
47.265625,1.00378342425296,0.999463004100072,0.910601777367557,1.06100236901674
47.36328125,1.00413886066987,0.99955950711808,0.909460503968098,1.06530463685866
47.4609375,1.00488732803639,0.999532954839885,0.909116385654047,1.06811065423712
47.55859375,1.00591967564308,0.999445599569261,0.910255501749239,1.06959398327956
47.65625,1.00645624591592,0.999435226363341,0.91294820281341,1.07189268254491
47.75390625,1.00691208867172,0.999297785804515,0.917297480132672,1.07438725983762
47.8515625,1.00710048038077,0.999172348573036,0.922844697106383,1.07467902877004
47.94921875,1.00619992333747,0.999025726180601,0.925129258270026,1.07209257440987
48.046875,1.00522501774655,0.998884217075623,0.919386886438118,1.06909703061001
48.14453125,1.00438793257028,0.998725158357102,0.914050996702231,1.06606314872174
48.2421875,1.00208162424601,0.998707152329951,0.909933007007255,1.0616254106679
48.33984375,0.998878908747214,0.998943067968519,0.907812029511644,1.05716323035769
48.4375,0.99620679938961,0.9992776439493,0.907229902806256,1.05584673000024
48.53515625,0.993782302441552,0.999509223022988,0.908370126649333,1.06001277175558
48.6328125,0.991564512459691,0.999688005899738,0.910805041809853,1.06339032229311
48.73046875,0.991382343975436,0.999832890052684,0.91352940773852,1.06907449930358
48.828125,0.99415407626162,0.999924859365709,0.916189231068066,1.07458652887335
48.92578125,0.997450561621328,0.999931688527714,0.919109440549329,1.07712710727059
49.0234375,0.999139409571803,0.999909316930654,0.924225044169718,1.076295876055
49.12109375,1.00073620394064,0.999835084002229,0.9293564294242,1.07326260487007
49.21875,1.00231285746801,0.9997646308224,0.928964737801279,1.07564285083556
49.31640625,1.00549183992148,0.999749969064498,0.929106570175326,1.08008444659489
49.4140625,1.00892455351399,0.999644801785874,0.930894996431129,1.08286038748645
49.51171875,1.01121975321232,0.99947493356574,0.932724030877336,1.08512230614481
49.609375,1.01324509394445,0.999221507368162,0.930707249475812,1.08739714006142
49.70703125,1.01501474636595,0.999044637841786,0.929832067446868,1.09040317882928
49.8046875,1.01625576440868,0.999071456642192,0.9306450459091,1.09288487104704
49.90234375,1.01695967986732,0.999013784060993,0.930907837190045,1.09380693335399
50,1.01641971315325,0.998598531356622,0.93140023443932,1.09322124526106
